,Player,Age,Tm,Lg,Pos,G,GS,MP,FG,FGA,FG%,3P,3PA,3P%,2P,2PA,2P%,eFG%,FT,FTA,FT%,ORB,DRB,TRB,AST,STL,BLK,TOV,PF,PTS,Salary
105,105,31.0,GSW,NBA,PG,5.0,5.0,27.8,6.6,16.4,0.402,2.4,9.8,0.245,4.2,6.6,0.636,0.476,5.2,5.2,1.0,0.8,4.4,5.2,6.6,1.0,0.4,3.2,2.2,20.8,40231758.0
457,457,31.0,HOU,NBA,PG,57.0,57.0,35.9,10.6,22.5,0.472,1.0,3.7,0.258,9.6,18.7,0.514,0.493,5.1,6.7,0.763,1.8,6.2,7.9,7.0,1.6,0.4,4.5,3.5,27.2,38506482.0
354,354,34.0,OKC,NBA,PG,70.0,70.0,31.5,6.2,12.7,0.489,1.6,4.3,0.365,4.6,8.3,0.554,0.552,3.6,4.0,0.907,0.4,4.6,5.0,6.7,1.6,0.2,2.3,2.3,17.6,38506482.0
176,176,30.0,HOU,NBA,SG,68.0,68.0,36.5,9.9,22.3,0.444,4.4,12.4,0.355,5.5,9.9,0.556,0.543,10.2,11.8,0.865,1.0,5.5,6.6,7.5,1.8,0.9,4.5,3.3,34.3,38199000.0
225,225,35.0,LAL,NBA,PG,67.0,67.0,34.6,9.6,19.4,0.493,2.2,6.3,0.348,7.4,13.1,0.564,0.55,3.9,5.7,0.693,1.0,6.9,7.8,10.2,1.2,0.5,3.9,1.8,25.3,37436858.0
170,170,30.0,DET,NBA,PF,18.0,18.0,28.4,4.9,13.9,0.352,1.5,6.2,0.243,3.4,7.7,0.439,0.406,4.2,5.4,0.776,0.9,3.7,4.7,3.3,0.4,0.4,2.2,1.5,15.5,34234964.0
272,272,33.0,TOR,NBA,PG,58.0,58.0,36.2,5.8,13.8,0.416,2.8,8.0,0.352,2.9,5.8,0.504,0.518,5.1,5.9,0.857,0.6,4.5,5.0,7.5,1.4,0.4,3.1,3.3,19.4,33296296.0
153,153,29.0,LAC,NBA,SF,48.0,48.0,29.6,7.1,16.3,0.439,3.3,7.9,0.412,3.9,8.4,0.464,0.539,4.0,4.5,0.876,0.5,5.2,5.7,3.9,1.4,0.4,2.6,2.4,21.5,33005556.0
263,263,28.0,LAC,NBA,SF,57.0,57.0,32.4,9.3,19.9,0.47,2.2,5.7,0.378,7.2,14.2,0.506,0.524,6.2,7.1,0.886,0.9,6.1,7.1,4.9,1.8,0.6,2.6,2.0,27.1,32742000.0
449,449,29.0,BOS,NBA,PG,56.0,56.0,31.1,6.8,15.9,0.425,3.2,8.4,0.381,3.5,7.4,0.476,0.526,3.7,4.3,0.864,0.6,3.2,3.9,4.8,0.9,0.5,2.1,1.6,20.4,32742000.0
71,71,30.0,MIA,NBA,SF,58.0,58.0,33.8,5.9,13.1,0.455,0.5,2.1,0.244,5.4,11.0,0.495,0.474,7.6,9.1,0.834,1.8,4.8,6.7,6.0,1.8,0.6,2.2,1.4,19.9,32742000.0
181,181,27.0,PHI,NBA,PF,72.0,72.0,34.3,7.7,16.3,0.471,1.8,5.0,0.367,5.9,11.3,0.517,0.527,2.4,3.0,0.806,1.0,5.9,6.9,3.2,0.7,0.6,1.4,2.3,19.6,32742000.0
187,187,29.0,BOS,NBA,SF,52.0,52.0,33.5,6.7,13.5,0.5,1.6,4.3,0.383,5.1,9.2,0.554,0.561,2.4,2.8,0.855,1.1,5.6,6.7,4.1,0.7,0.4,1.8,1.8,17.5,32700690.0
94,94,32.0,UTA,NBA,PG,47.0,41.0,29.0,4.9,12.1,0.409,2.0,5.4,0.375,2.9,6.6,0.437,0.494,2.4,3.0,0.827,0.7,2.5,3.2,4.4,0.8,0.1,2.0,2.2,14.4,32511623.0
216,216,27.0,BRK,NBA,PG,20.0,20.0,32.9,10.0,20.8,0.478,2.8,7.1,0.394,7.2,13.7,0.522,0.546,4.7,5.1,0.922,1.1,4.1,5.2,6.4,1.4,0.5,2.6,2.7,27.4,31742000.0
299,299,28.0,MIL,NBA,SF,62.0,59.0,29.9,7.6,15.3,0.497,2.4,5.7,0.415,5.2,9.6,0.546,0.575,3.4,3.7,0.916,0.7,5.5,6.2,4.3,0.9,0.1,2.2,2.3,20.9,30603448.0
304,304,34.0,DEN,NBA,PF,51.0,48.0,24.3,4.1,8.6,0.482,1.1,2.4,0.435,3.1,6.2,0.5,0.543,2.3,2.8,0.816,1.9,3.8,5.7,1.6,0.9,0.6,1.4,2.9,11.6,30500000.0
266,266,29.0,POR,NBA,PG,66.0,66.0,37.5,9.5,20.4,0.463,4.1,10.2,0.401,5.4,10.2,0.524,0.563,7.0,7.8,0.888,0.5,3.8,4.3,8.0,1.1,0.3,2.9,1.7,30.0,29802321.0
271,271,31.0,CLE,NBA,PF,56.0,56.0,31.8,5.8,13.0,0.45,2.6,7.0,0.374,3.2,6.0,0.537,0.55,3.3,3.9,0.854,1.0,8.8,9.8,3.2,0.6,0.3,2.5,1.6,17.6,28942830.0
203,203,33.0,PHI,NBA,C,67.0,61.0,30.2,4.8,10.6,0.45,1.5,4.2,0.35,3.3,6.4,0.516,0.52,0.9,1.2,0.763,1.5,5.3,6.8,4.0,0.8,0.9,1.2,2.1,11.9,28000000.0
445,445,29.0,ORL,NBA,C,62.0,62.0,32.2,8.0,16.7,0.477,1.6,4.7,0.339,6.4,12.0,0.531,0.525,2.1,2.7,0.784,2.3,8.6,10.9,3.6,0.9,0.8,1.4,2.2,19.6,28000000.0
112,112,30.0,SAS,NBA,SF,68.0,68.0,34.1,8.2,15.4,0.531,0.1,0.5,0.257,8.1,14.9,0.54,0.535,5.6,6.6,0.845,0.6,4.9,5.5,5.6,1.0,0.3,2.4,2.6,22.1,27739975.0
287,287,28.0,POR,NBA,SG,70.0,70.0,36.5,8.7,19.4,0.451,2.8,7.3,0.379,6.0,12.1,0.494,0.522,2.0,2.6,0.757,0.7,3.6,4.2,4.4,0.8,0.6,1.8,2.6,22.2,27556959.0
461,461,24.0,TOT,NBA,SF,54.0,54.0,34.4,8.1,18.1,0.447,2.1,6.2,0.332,6.0,11.9,0.506,0.504,3.5,5.0,0.709,1.2,3.9,5.1,3.7,0.8,1.0,2.4,2.4,21.8,27504630.0
129,129,25.0,PHI,NBA,C,51.0,51.0,29.5,7.5,15.7,0.477,1.1,3.4,0.331,6.4,12.3,0.517,0.512,6.9,8.5,0.807,2.8,8.9,11.6,3.0,0.9,1.3,3.1,3.4,23.0,27504630.0
368,368,24.0,DAL,NBA,C,57.0,57.0,31.8,7.0,16.4,0.427,2.5,7.1,0.352,4.5,9.3,0.484,0.503,4.0,5.0,0.799,1.8,7.7,9.5,1.8,0.7,2.0,1.6,3.2,20.4,27285000.0
432,432,24.0,MIN,NBA,C,35.0,35.0,33.9,9.0,17.8,0.508,3.3,7.9,0.412,5.8,9.9,0.586,0.6,5.1,6.5,0.796,2.7,8.1,10.8,4.4,0.9,1.2,3.1,3.3,26.5,27285000.0
49,49,23.0,PHO,NBA,SG,70.0,70.0,35.9,9.0,18.3,0.489,2.0,5.7,0.354,6.9,12.6,0.549,0.544,6.7,7.3,0.919,0.4,3.8,4.2,6.5,0.7,0.3,3.8,3.0,26.6,27285000.0
391,391,23.0,TOT,NBA,PG,45.0,45.0,32.3,8.0,18.8,0.426,3.5,9.6,0.367,4.5,9.2,0.487,0.519,3.6,4.4,0.809,0.4,3.6,3.9,6.3,1.1,0.3,3.3,1.9,23.1,27285000.0
366,366,26.0,CHI,NBA,SF,14.0,9.0,23.6,4.4,10.0,0.443,1.7,4.4,0.387,2.7,5.6,0.487,0.529,1.4,1.9,0.704,0.9,2.5,3.4,1.8,1.1,0.4,0.8,2.2,11.9,27250576.0
124,124,26.0,TOT,NBA,C,57.0,56.0,33.0,7.3,13.8,0.533,0.1,0.6,0.143,7.2,13.1,0.551,0.536,3.0,5.2,0.575,4.4,10.8,15.2,2.7,1.9,1.6,3.6,3.5,17.7,27093019.0
107,107,26.0,LAL,NBA,PF,62.0,62.0,34.4,8.9,17.7,0.503,1.2,3.5,0.33,7.7,14.2,0.546,0.536,7.2,8.5,0.846,2.3,7.0,9.3,3.2,1.5,2.3,2.5,2.5,26.1,27093019.0
460,460,30.0,POR,NBA,C,67.0,61.0,30.0,6.5,10.5,0.621,0.1,0.1,0.571,6.4,10.4,0.622,0.624,2.4,3.6,0.686,3.9,9.7,13.5,1.2,0.4,2.9,1.8,2.9,15.5,27093018.0
234,234,24.0,DEN,NBA,C,73.0,73.0,32.0,7.7,14.7,0.528,1.1,3.5,0.314,6.6,11.2,0.594,0.565,3.4,4.1,0.817,2.3,7.5,9.7,7.0,1.2,0.6,3.1,3.0,19.9,26573595.0
198,198,29.0,NOP,NBA,SG,61.0,61.0,34.7,7.5,16.5,0.455,2.0,5.7,0.353,5.5,10.8,0.509,0.516,2.1,3.0,0.709,1.3,3.5,4.8,6.7,1.6,0.8,3.0,2.4,19.1,26131111.0
2,2,34.0,SAS,NBA,C,53.0,53.0,33.1,7.4,15.0,0.493,1.2,3.0,0.389,6.2,12.0,0.519,0.532,3.0,3.6,0.827,1.9,5.5,7.4,2.4,0.7,1.6,1.4,2.4,18.9,26000000.0
0,0,26.0,OKC,NBA,C,63.0,63.0,26.7,4.5,7.6,0.592,0.0,0.0,0.333,4.5,7.5,0.594,0.593,1.9,3.2,0.582,3.3,6.0,9.3,2.3,0.8,1.1,1.5,1.9,10.9,25842697.0
10,10,25.0,MIL,NBA,PF,63.0,63.0,30.4,10.9,19.7,0.553,1.4,4.7,0.304,9.5,15.0,0.631,0.589,6.3,10.0,0.633,2.2,11.4,13.6,5.6,1.0,1.0,3.7,3.1,29.5,25842697.0
151,151,35.0,TOR,NBA,C,44.0,43.0,26.4,2.7,6.3,0.427,1.3,3.4,0.385,1.4,3.0,0.473,0.529,0.8,1.1,0.735,0.7,5.5,6.3,3.3,0.8,0.9,1.3,2.8,7.5,25595700.0
27,27,31.0,CHO,NBA,SF,22.0,3.0,23.0,1.3,3.7,0.346,0.6,2.2,0.286,0.6,1.5,0.438,0.432,0.4,0.5,0.9,1.1,3.4,4.5,3.0,0.8,0.4,1.0,1.9,3.6,25565217.0
31,31,26.0,WAS,NBA,SG,57.0,57.0,36.0,10.4,22.9,0.455,3.0,8.4,0.353,7.4,14.4,0.515,0.52,6.8,8.0,0.842,0.9,3.3,4.2,6.1,1.2,0.4,3.4,2.2,30.5,25399705.0
349,349,31.0,ATL,NBA,PF,5.0,0.0,10.8,1.0,3.6,0.278,0.8,2.8,0.286,0.2,0.8,0.25,0.389,0.0,0.0,0.0,0.2,1.2,1.4,0.6,0.8,0.2,0.6,0.6,2.8,25102511.0
157,157,27.0,UTA,NBA,C,68.0,68.0,34.3,5.7,8.2,0.693,0.0,0.0,0.0,5.7,8.2,0.693,0.693,3.7,5.9,0.63,3.4,10.1,13.5,1.5,0.8,2.0,1.9,3.2,15.1,25008427.0
23,23,27.0,SAC,NBA,PF,72.0,72.0,34.5,5.1,11.0,0.46,1.4,3.7,0.381,3.7,7.3,0.501,0.525,3.0,3.7,0.801,1.1,3.9,4.9,2.2,0.6,0.2,1.2,1.3,14.5,24147727.0
211,211,30.0,TOR,NBA,C,55.0,27.0,27.0,6.2,12.2,0.512,1.3,3.3,0.385,5.0,8.9,0.559,0.564,1.6,2.3,0.718,2.1,6.1,8.2,1.4,0.5,0.8,2.0,2.8,15.4,23271604.0
148,148,31.0,OKC,NBA,PF,62.0,62.0,29.6,5.8,13.2,0.438,2.9,7.1,0.405,2.9,6.1,0.476,0.547,4.3,4.8,0.893,0.5,4.6,5.2,1.9,0.7,0.1,1.2,1.2,18.7,22615559.0
342,342,27.0,IND,NBA,SG,19.0,16.0,27.8,5.1,12.9,0.394,1.7,5.5,0.317,3.4,7.5,0.451,0.461,2.5,3.1,0.814,0.5,3.5,3.9,2.9,0.9,0.2,2.5,1.9,14.5,21000000.0
59,59,27.0,IND,NBA,PG,54.0,54.0,30.9,6.0,13.8,0.438,1.4,4.3,0.326,4.6,9.5,0.488,0.489,3.1,3.4,0.892,0.9,4.0,4.9,7.1,0.6,0.2,2.4,1.8,16.5,20000000.0
389,389,25.0,CHO,NBA,PG,63.0,63.0,34.3,6.3,14.9,0.423,2.7,6.7,0.407,3.6,8.2,0.436,0.514,2.6,3.0,0.874,0.8,3.6,4.4,4.1,1.0,0.2,2.2,2.0,18.0,19894737.0
159,159,24.0,ORL,NBA,PF,62.0,62.0,32.5,5.4,12.4,0.437,1.2,3.8,0.308,4.2,8.5,0.494,0.484,2.4,3.6,0.674,1.7,5.9,7.7,3.7,0.8,0.6,1.6,2.0,14.4,19863636.0
256,256,24.0,CHI,NBA,SF,60.0,60.0,34.8,9.0,20.0,0.45,3.1,8.1,0.38,5.9,11.9,0.497,0.526,4.5,5.6,0.802,0.7,4.1,4.8,4.2,1.5,0.5,3.4,2.2,25.5,19500000.0
29,29,30.0,TOT,NBA,SF,68.0,21.0,24.8,2.9,7.9,0.375,1.2,3.6,0.344,1.7,4.3,0.4,0.453,1.7,2.2,0.769,0.4,3.9,4.3,1.4,1.1,0.6,1.3,2.9,8.8,19269662.0
233,233,27.0,TOT,NBA,"PG,SG",39.0,7.0,18.2,2.5,6.4,0.388,1.0,3.1,0.319,1.5,3.4,0.45,0.464,1.1,1.3,0.84,0.5,1.5,1.9,1.9,0.4,0.2,0.7,1.5,7.0,19245370.0
123,123,33.0,MIA,NBA,PG,59.0,3.0,28.2,5.4,12.3,0.441,2.1,5.7,0.367,3.3,6.5,0.505,0.526,3.2,4.2,0.776,0.5,2.7,3.2,5.1,0.7,0.2,2.4,2.1,16.2,19217900.0
420,420,31.0,TOT,NBA,PG,59.0,17.0,24.8,3.6,8.3,0.436,0.7,2.0,0.368,2.9,6.3,0.457,0.48,2.9,3.3,0.873,0.5,1.9,2.4,5.2,0.7,0.3,2.0,1.8,10.9,19000000.0
437,437,31.0,ATL,NBA,SG,19.0,0.0,13.2,1.3,3.5,0.373,0.0,0.3,0.0,1.3,3.3,0.403,0.373,0.6,0.7,0.857,0.4,1.6,2.0,2.0,0.5,0.4,1.4,1.1,3.3,18606557.0
427,427,28.0,CLE,NBA,PF,57.0,51.0,30.2,5.1,9.9,0.512,0.2,0.4,0.391,4.9,9.5,0.518,0.52,1.7,2.8,0.615,4.0,6.2,10.1,2.1,0.6,0.9,1.8,2.2,12.0,18539130.0
166,166,29.0,GSW,NBA,PF,43.0,43.0,28.4,2.9,7.3,0.389,0.8,3.0,0.279,2.0,4.3,0.465,0.446,1.5,1.9,0.759,0.5,5.7,6.2,6.2,1.4,0.8,2.3,2.6,8.0,18539130.0
175,175,27.0,DAL,NBA,SG,71.0,58.0,29.5,5.4,12.5,0.434,2.9,7.2,0.398,2.5,5.2,0.485,0.55,2.1,2.6,0.819,0.4,2.9,3.3,1.9,0.6,0.1,1.0,1.8,15.8,18150000.0
373,373,25.0,NYK,NBA,PF,64.0,64.0,32.5,7.2,15.7,0.46,1.0,3.6,0.277,6.2,12.1,0.515,0.492,4.0,5.5,0.733,2.4,7.4,9.7,3.1,0.8,0.3,3.0,2.8,19.5,18000000.0
179,179,25.0,DEN,NBA,SG,56.0,55.0,31.8,3.9,9.3,0.42,1.3,3.8,0.333,2.6,5.5,0.479,0.487,1.3,1.6,0.815,0.5,2.4,2.9,2.1,1.4,0.3,1.1,2.1,10.4,17839286.0
99,99,27.0,TOT,NBA,"SF,SG",37.0,1.0,17.6,1.7,4.8,0.356,1.0,3.2,0.303,0.7,1.6,0.466,0.458,0.3,0.4,0.714,0.3,1.8,2.1,0.9,0.4,0.1,0.5,1.3,4.6,17818456.0
133,133,28.0,NOP,NBA,C,51.0,49.0,24.4,4.1,6.6,0.617,0.0,0.1,0.143,4.1,6.5,0.627,0.618,0.8,1.4,0.563,3.2,6.6,9.8,1.6,0.6,0.9,1.1,2.1,9.0,17650000.0
438,438,23.0,IND,NBA,C,62.0,62.0,29.5,4.3,9.5,0.457,1.4,4.0,0.344,2.9,5.4,0.54,0.53,2.0,2.7,0.751,1.4,5.2,6.6,1.2,0.7,2.1,1.4,2.7,12.1,17500000.0
223,223,29.0,TOT,NBA,"PG,SG",31.0,16.0,24.0,4.3,10.5,0.411,1.8,4.7,0.393,2.5,5.8,0.425,0.498,1.5,1.7,0.833,0.5,2.4,3.0,4.1,0.4,0.2,1.6,1.9,11.9,17286956.0
212,212,36.0,MIA,NBA,SF,21.0,0.0,19.9,1.8,4.2,0.432,0.7,2.2,0.298,1.1,2.0,0.585,0.511,0.3,0.7,0.4,0.8,2.9,3.7,2.4,0.7,1.0,1.2,1.7,4.6,17185185.0
41,41,27.0,CHO,NBA,C,53.0,29.0,19.4,2.8,5.2,0.543,0.0,0.0,0.0,2.8,5.2,0.543,0.543,1.7,2.8,0.603,2.3,3.5,5.8,0.9,0.2,0.9,0.9,2.2,7.4,17000000.0
45,45,30.0,UTA,NBA,SF,63.0,63.0,33.1,6.6,14.8,0.447,3.0,7.3,0.414,3.6,7.6,0.479,0.548,4.0,4.4,0.903,0.6,3.5,4.1,2.1,0.5,0.1,2.5,1.7,20.2,17000000.0
140,140,27.0,ORL,NBA,SF,66.0,66.0,31.5,6.6,14.1,0.467,2.6,6.6,0.399,4.0,7.5,0.527,0.56,2.7,3.3,0.818,0.3,2.3,2.6,3.2,1.1,0.2,1.9,2.4,18.5,17000000.0
115,115,30.0,TOT,NBA,C,63.0,17.0,17.4,2.6,5.8,0.456,0.9,2.4,0.355,1.8,3.4,0.528,0.53,1.2,1.6,0.772,1.4,4.2,5.6,1.2,0.8,0.9,1.0,2.0,7.4,16229213.0
390,390,29.0,PHO,NBA,PG,65.0,65.0,31.0,4.4,10.6,0.415,1.2,3.3,0.361,3.2,7.3,0.439,0.471,3.0,3.5,0.863,0.7,4.0,4.7,8.8,1.4,0.2,2.7,2.6,13.0,16200000.0
440,440,27.0,MEM,NBA,C,70.0,70.0,26.4,6.2,10.6,0.585,0.5,1.3,0.352,5.7,9.3,0.617,0.606,2.1,2.9,0.74,3.0,8.2,11.3,1.9,0.4,1.1,1.8,2.6,14.9,16000000.0
246,246,28.0,TOT,NBA,"PG,SG",25.0,3.0,18.5,2.4,6.7,0.353,1.8,5.2,0.344,0.6,1.4,0.389,0.488,0.8,1.4,0.588,0.2,1.5,1.6,2.8,0.4,0.1,1.5,1.6,7.3,15643750.0
346,346,24.0,PHO,NBA,SF,56.0,55.0,34.5,6.7,14.8,0.452,1.9,5.5,0.352,4.7,9.3,0.511,0.517,3.4,4.4,0.78,1.2,5.3,6.4,1.5,1.3,0.7,1.5,3.4,18.7,15625000.0
43,43,30.0,MIL,NBA,PG,61.0,61.0,27.0,5.5,11.5,0.475,1.2,3.5,0.344,4.3,8.0,0.533,0.528,2.8,3.5,0.79,0.7,3.9,4.6,5.4,0.9,0.4,2.4,2.1,14.9,15625000.0
398,398,26.0,OKC,NBA,PG,65.0,2.0,30.8,7.0,14.8,0.469,1.9,5.0,0.385,5.0,9.8,0.513,0.534,3.0,3.6,0.839,0.3,3.3,3.6,4.0,0.7,0.2,2.6,2.2,18.9,15500000.0
277,277,33.0,WAS,NBA,C,38.0,35.0,21.3,2.7,5.5,0.495,0.1,0.7,0.192,2.6,4.8,0.538,0.507,1.8,3.0,0.619,2.1,3.7,5.7,1.3,0.8,1.2,1.2,3.0,7.4,15450051.0
230,230,32.0,TOT,NBA,"C,PF",32.0,1.0,19.3,3.2,6.7,0.479,1.0,2.8,0.363,2.2,3.9,0.565,0.556,1.0,1.5,0.646,0.8,2.9,3.7,2.3,0.8,1.0,1.5,2.5,8.4,15349400.0
311,311,30.0,TOT,NBA,"PF,SF",62.0,62.0,31.2,5.7,13.1,0.438,2.3,5.6,0.408,3.4,7.5,0.461,0.526,2.9,3.5,0.823,1.0,4.1,5.0,1.4,0.8,0.5,1.6,2.9,16.7,15000000.0
367,367,24.0,NYK,NBA,PF,66.0,5.0,21.1,4.0,8.9,0.45,1.0,2.8,0.358,3.0,6.1,0.493,0.507,1.1,1.4,0.763,1.2,3.9,5.1,1.5,0.5,0.3,1.1,1.7,10.1,15000000.0
75,75,25.0,HOU,NBA,C,39.0,39.0,32.8,6.3,9.9,0.629,0.0,0.0,0.0,6.3,9.9,0.629,0.629,1.4,2.7,0.529,4.3,9.5,13.8,1.2,0.8,1.8,1.6,2.6,13.9,14896552.0
165,165,32.0,LAL,NBA,SG,68.0,68.0,24.8,2.9,7.0,0.416,1.8,4.8,0.367,1.1,2.2,0.524,0.542,0.5,0.7,0.688,0.8,2.6,3.3,1.3,1.3,0.5,0.9,2.0,8.0,14634146.0
476,476,27.0,CHO,NBA,C,58.0,39.0,23.1,4.3,8.3,0.524,0.3,1.3,0.24,4.0,7.0,0.577,0.543,2.1,3.1,0.682,2.8,4.3,7.1,1.5,0.7,0.4,1.3,2.4,11.1,14471910.0
160,160,31.0,HOU,NBA,SF,36.0,15.0,28.2,4.8,12.9,0.369,2.7,8.4,0.317,2.1,4.4,0.469,0.473,2.3,3.0,0.766,0.3,1.7,2.0,1.5,0.6,0.4,1.2,1.9,14.4,14057730.0
466,466,33.0,TOT,NBA,PF,58.0,1.0,19.5,2.1,4.6,0.446,1.0,2.7,0.359,1.1,1.9,0.568,0.551,0.8,1.0,0.86,0.5,2.6,3.2,1.0,0.6,0.5,0.6,1.8,5.9,14049901.0
360,360,29.0,DEN,NBA,C,61.0,1.0,17.3,2.9,4.7,0.615,0.0,0.1,0.0,2.9,4.6,0.625,0.615,1.4,2.5,0.535,1.6,3.6,5.2,2.5,0.5,0.6,1.3,2.3,7.2,14041096.0
152,152,33.0,SAS,NBA,PF,67.0,5.0,21.8,4.0,8.9,0.446,1.1,3.3,0.336,2.9,5.6,0.511,0.508,1.8,2.0,0.882,0.9,4.5,5.4,1.7,0.5,0.5,1.3,1.5,10.8,14000000.0
375,375,35.0,NOP,NBA,SG,60.0,36.0,26.4,4.8,10.5,0.453,3.0,6.6,0.453,1.8,3.9,0.453,0.596,2.8,3.1,0.892,0.2,2.4,2.5,2.0,0.3,0.2,1.3,1.6,15.3,13486300.0
89,89,27.0,TOT,NBA,SG,71.0,2.0,24.0,5.5,12.2,0.454,2.1,5.8,0.368,3.4,6.4,0.533,0.542,1.9,2.3,0.836,0.7,1.9,2.6,1.9,0.6,0.2,1.4,1.5,15.2,13437500.0
110,110,30.0,TOT,NBA,C,44.0,18.0,17.6,2.3,5.8,0.4,0.5,2.4,0.206,1.8,3.4,0.541,0.443,0.7,0.8,0.833,1.4,4.3,5.7,0.5,0.6,0.9,1.3,3.0,5.8,13333333.0
471,471,23.0,MIA,NBA,SG,11.0,5.0,32.0,4.5,11.7,0.388,0.5,2.5,0.222,4.0,9.3,0.431,0.411,1.6,2.5,0.667,1.5,5.2,6.6,4.0,0.6,0.5,2.2,3.5,11.3,13000000.0
474,474,31.0,CHI,NBA,PF,64.0,16.0,24.9,4.2,9.4,0.448,1.2,3.5,0.356,3.0,5.9,0.501,0.513,0.7,1.1,0.583,1.5,3.5,4.9,1.8,1.4,0.4,1.6,2.1,10.3,12900000.0
25,25,29.0,DEN,NBA,SF,58.0,58.0,33.0,5.7,12.7,0.45,1.9,5.0,0.375,3.9,7.8,0.498,0.523,1.8,2.3,0.767,1.3,5.0,6.3,3.7,1.1,0.5,1.5,2.1,15.1,12776786.0
260,260,34.0,DAL,NBA,SG,24.0,9.0,14.4,1.7,3.4,0.488,0.9,2.0,0.447,0.8,1.5,0.543,0.616,0.3,0.3,0.857,0.3,1.0,1.3,0.5,0.8,0.3,0.5,1.4,4.5,12759670.0
196,196,28.0,TOT,NBA,PF,59.0,4.0,18.4,1.9,4.7,0.396,1.1,2.9,0.368,0.8,1.8,0.439,0.509,0.7,0.9,0.741,0.5,2.3,2.8,1.8,0.7,0.2,0.9,1.4,5.5,12758781.0
322,322,27.0,CLE,NBA,PF,56.0,10.0,26.3,4.1,7.7,0.531,1.0,2.8,0.352,3.1,4.9,0.636,0.596,0.9,1.3,0.676,1.9,5.4,7.3,2.2,1.0,0.4,1.1,1.6,10.1,12727273.0
388,388,28.0,ORL,NBA,SG,69.0,0.0,27.4,4.9,12.3,0.403,2.6,7.3,0.351,2.4,5.0,0.48,0.508,2.3,2.7,0.853,0.2,3.0,3.2,1.2,1.1,0.3,1.0,1.6,14.7,12500000.0
303,303,31.0,SAS,NBA,PG,66.0,1.0,22.5,3.9,9.1,0.431,2.3,6.1,0.382,1.6,3.0,0.533,0.56,1.5,1.7,0.866,0.3,1.3,1.6,1.8,0.8,0.1,0.8,1.6,11.6,12428571.0
38,38,31.0,LAC,NBA,PG,51.0,50.0,26.3,2.9,6.7,0.431,1.6,4.0,0.388,1.3,2.6,0.496,0.548,0.6,0.9,0.66,1.1,4.1,5.2,3.6,1.1,0.5,1.3,3.1,7.9,12345679.0
15,15,34.0,TOT,NBA,SF,53.0,21.0,28.2,2.7,6.1,0.438,1.5,3.9,0.372,1.2,2.2,0.556,0.557,1.2,1.4,0.838,0.6,4.0,4.6,1.7,1.3,0.3,1.1,2.1,8.0,12200000.0
244,244,26.0,TOT,NBA,PF,25.0,0.0,11.2,0.9,2.6,0.333,0.2,0.8,0.25,0.7,1.8,0.37,0.371,0.4,0.6,0.786,0.6,2.1,2.7,0.6,0.1,0.2,0.6,1.5,2.4,12189237.0
448,448,28.0,TOT,NBA,SG,10.0,0.0,20.7,4.1,9.9,0.414,1.5,4.7,0.319,2.6,5.2,0.5,0.49,1.4,1.7,0.824,0.2,2.2,2.4,2.0,0.4,0.6,1.6,2.1,11.1,12100000.0
269,269,31.0,MIL,NBA,C,68.0,67.0,26.7,4.3,9.9,0.435,1.5,4.8,0.314,2.8,5.1,0.549,0.511,1.9,2.2,0.836,0.9,3.7,4.6,1.5,0.7,2.4,1.0,2.4,12.0,12093024.0
333,333,25.0,POR,NBA,C,8.0,8.0,31.6,6.8,13.6,0.495,0.3,1.3,0.2,6.5,12.4,0.525,0.505,3.9,4.4,0.886,2.9,7.4,10.3,4.0,1.4,2.0,2.4,4.9,17.6,12000000.0
239,239,28.0,SAC,NBA,PG,72.0,26.0,24.4,2.4,5.7,0.415,0.8,2.2,0.352,1.6,3.5,0.455,0.483,0.8,1.0,0.857,0.6,2.0,2.6,3.5,0.7,0.3,1.1,1.8,6.4,12000000.0
409,409,25.0,BOS,NBA,SG,60.0,40.0,32.0,4.3,11.4,0.375,2.3,6.6,0.347,2.0,4.8,0.415,0.476,2.1,2.5,0.836,0.7,3.1,3.8,4.9,1.7,0.5,1.7,2.7,12.9,11768879.0
343,343,28.0,MIA,NBA,C,67.0,9.0,19.4,2.7,5.9,0.462,1.4,3.5,0.406,1.3,2.4,0.543,0.582,1.3,1.5,0.86,0.7,3.9,4.6,1.7,0.7,0.3,1.1,2.6,8.2,11667885.0
177,177,26.0,TOT,NBA,"PF,SF",62.0,48.0,23.0,2.3,4.6,0.502,0.5,1.6,0.347,1.7,3.0,0.584,0.562,0.6,1.1,0.591,0.9,3.0,3.9,1.1,0.9,0.5,0.9,2.4,5.8,11511234.0
414,414,28.0,DET,NBA,SF,59.0,57.0,27.8,2.9,6.5,0.445,1.7,4.3,0.402,1.2,2.2,0.531,0.579,0.5,0.5,1.0,0.2,1.7,1.9,2.2,0.5,0.3,0.5,1.7,8.0,11392857.0
98,98,29.0,TOT,NBA,"C,PF",70.0,68.0,30.5,4.4,10.3,0.422,2.3,6.9,0.335,2.1,3.5,0.593,0.533,1.4,1.8,0.798,0.9,5.7,6.6,1.3,1.6,1.3,1.5,3.1,12.4,11301219.0
264,264,27.0,MIA,NBA,C,51.0,49.0,20.3,2.3,4.6,0.509,1.0,2.5,0.414,1.3,2.1,0.623,0.622,0.4,0.5,0.643,0.6,4.5,5.1,1.1,0.3,0.3,0.8,2.1,6.1,11286515.0
214,214,32.0,UTA,NBA,PF,72.0,45.0,29.7,3.4,7.7,0.445,2.0,4.9,0.399,1.5,2.8,0.525,0.572,1.0,1.3,0.787,0.4,3.5,3.9,5.2,0.9,0.2,2.0,2.1,9.8,11207387.0
454,454,26.0,IND,NBA,SF,67.0,67.0,32.9,8.0,14.9,0.536,1.4,3.4,0.403,6.6,11.5,0.575,0.581,2.5,3.0,0.819,1.0,3.2,4.2,1.5,1.2,0.5,1.3,2.8,19.8,10810000.0
379,379,28.0,OKC,NBA,SF,7.0,0.0,12.4,1.1,4.1,0.276,0.4,2.0,0.214,0.7,2.1,0.333,0.328,0.1,0.3,0.5,1.0,2.9,3.9,0.6,0.1,0.4,0.3,1.9,2.9,10740741.0
116,116,26.0,BRK,NBA,PG,64.0,49.0,31.2,6.6,16.0,0.415,1.9,6.3,0.308,4.7,9.7,0.485,0.476,5.4,7.0,0.778,0.5,3.0,3.5,6.8,0.6,0.3,2.7,2.8,20.6,10605600.0
254,254,27.0,IND,NBA,SG,46.0,42.0,28.1,4.7,10.4,0.451,1.2,3.4,0.335,3.5,7.0,0.508,0.506,2.0,2.4,0.836,0.5,3.8,4.3,2.1,1.2,0.5,1.1,2.3,12.5,10500000.0
369,369,28.0,DAL,NBA,C,40.0,37.0,26.5,3.7,5.7,0.638,0.3,1.0,0.256,3.4,4.8,0.716,0.659,1.9,2.8,0.667,1.9,3.8,5.7,1.5,0.9,0.6,0.9,2.6,9.4,10259375.0
195,195,33.0,MIL,NBA,PG,59.0,2.0,21.5,3.3,6.4,0.516,1.4,3.0,0.46,1.9,3.4,0.565,0.624,1.4,1.7,0.842,0.8,2.2,3.0,3.1,0.8,0.1,1.0,1.4,9.4,10133907.0
377,377,26.0,PHI,NBA,SG,55.0,53.0,30.8,5.1,11.7,0.43,1.5,4.5,0.341,3.5,7.2,0.486,0.496,2.1,2.6,0.809,0.7,2.4,3.2,2.9,0.9,0.7,1.9,2.5,13.7,10116576.0
370,370,26.0,TOR,NBA,SG,52.0,26.0,28.4,5.7,11.5,0.495,2.1,5.3,0.399,3.6,6.3,0.575,0.586,2.5,2.9,0.843,0.5,3.2,3.7,1.8,1.2,0.4,1.5,2.1,16.0,10116576.0
238,238,31.0,BRK,NBA,C,56.0,6.0,22.0,3.4,5.1,0.666,0.0,0.0,0.0,3.4,5.1,0.666,0.666,1.5,2.2,0.68,2.5,7.5,10.0,1.9,0.3,0.9,1.3,2.0,8.3,9881598.0
154,154,34.0,NYK,NBA,C,62.0,56.0,16.5,2.7,4.6,0.584,0.1,0.2,0.286,2.6,4.4,0.599,0.591,0.7,0.9,0.732,1.8,2.5,4.3,0.8,0.4,0.5,0.8,2.0,6.1,9800000.0
469,469,19.0,NOP,NBA,PF,24.0,24.0,27.8,8.8,15.0,0.583,0.3,0.6,0.429,8.5,14.4,0.59,0.592,4.8,7.4,0.64,2.7,3.6,6.3,2.1,0.7,0.4,2.5,1.8,22.5,9757440.0
145,145,21.0,ORL,NBA,PG,72.0,60.0,27.7,5.0,10.7,0.465,0.5,1.9,0.267,4.5,8.8,0.507,0.488,1.6,2.2,0.73,0.6,2.7,3.3,5.1,1.3,0.2,2.0,2.0,12.1,9745200.0
188,188,29.0,TOT,NBA,C,40.0,8.0,15.0,2.4,4.3,0.556,0.2,0.9,0.222,2.2,3.4,0.644,0.579,0.6,1.2,0.5,1.2,2.9,4.1,1.4,0.6,1.1,0.9,2.0,5.5,9732396.0
111,111,29.0,CLE,NBA,PG,57.0,4.0,14.4,1.1,3.1,0.354,0.4,1.6,0.231,0.7,1.5,0.488,0.414,0.6,0.6,0.865,0.3,1.0,1.3,3.2,0.4,0.0,1.0,1.4,3.1,9607500.0
132,132,24.0,TOT,NBA,SG,35.0,1.0,13.9,1.6,3.4,0.471,0.4,1.2,0.349,1.2,2.2,0.539,0.534,0.9,1.2,0.744,0.3,1.6,1.9,1.1,0.4,0.2,0.9,1.1,4.5,9600000.0
17,17,21.0,PHO,NBA,C,38.0,32.0,32.5,8.2,14.9,0.546,0.1,0.3,0.231,8.1,14.6,0.553,0.548,1.8,2.3,0.753,3.9,7.6,11.5,1.9,0.7,1.5,2.1,3.1,18.2,9562920.0
473,473,27.0,DAL,NBA,PG,73.0,5.0,21.5,2.6,5.6,0.462,0.6,1.7,0.37,2.0,3.9,0.504,0.519,1.1,1.4,0.77,1.0,2.9,3.8,3.3,1.2,0.3,1.0,1.3,6.9,9473684.0
396,396,28.0,CHI,NBA,SG,65.0,64.0,28.9,3.6,8.5,0.43,1.0,3.1,0.322,2.7,5.4,0.491,0.488,1.6,1.9,0.876,1.2,2.7,3.9,5.4,1.2,0.1,2.0,2.1,9.9,9375000.0
443,443,25.0,TOR,NBA,SG,54.0,54.0,35.7,5.9,14.3,0.413,2.7,6.9,0.39,3.2,7.4,0.434,0.507,3.1,3.7,0.848,0.3,3.4,3.8,6.6,1.9,0.3,2.2,2.4,17.6,9346153.0
163,163,25.0,DEN,NBA,PF,71.0,24.0,26.6,4.3,8.9,0.478,1.4,3.5,0.389,2.9,5.4,0.537,0.555,2.1,2.8,0.75,0.8,2.7,3.5,1.2,0.7,0.8,0.9,2.2,12.0,9346153.0
6,6,29.0,ORL,NBA,PF,18.0,2.0,21.1,1.4,4.8,0.291,0.5,2.0,0.25,0.9,2.8,0.32,0.343,1.1,1.6,0.655,1.3,3.5,4.8,1.2,1.0,0.4,0.9,1.5,4.3,9258000.0
8,8,26.0,MEM,NBA,SF,67.0,28.0,19.9,2.3,4.9,0.474,0.4,1.3,0.282,2.0,3.7,0.541,0.511,0.8,1.2,0.667,0.9,3.4,4.3,2.4,0.8,0.6,1.0,1.7,5.8,9073050.0
309,309,20.0,MEM,NBA,PG,67.0,67.0,31.0,6.7,14.0,0.477,0.9,2.7,0.335,5.8,11.3,0.511,0.509,3.6,4.6,0.776,0.8,3.1,3.9,7.3,0.9,0.3,3.3,1.6,17.8,8730240.0
301,301,32.0,WAS,NBA,SF,10.0,0.0,16.1,1.9,5.9,0.322,1.1,3.5,0.314,0.8,2.4,0.333,0.415,1.5,2.0,0.75,0.4,0.8,1.2,1.2,1.0,0.4,0.4,1.4,6.4,8730158.0
20,20,22.0,NOP,NBA,PG,63.0,54.0,32.1,4.4,10.9,0.403,2.3,6.3,0.375,2.0,4.6,0.442,0.511,0.7,1.2,0.566,1.1,5.0,6.1,7.0,1.4,0.6,3.1,2.0,11.8,8719320.0
308,308,30.0,NOP,NBA,SG,56.0,6.0,18.2,3.3,7.8,0.426,1.1,3.0,0.377,2.2,4.8,0.456,0.498,0.6,0.8,0.689,0.6,1.8,2.3,1.4,0.6,0.2,0.7,1.4,8.3,8664928.0
19,19,20.0,SAC,NBA,C,13.0,6.0,25.7,6.0,12.8,0.467,0.3,1.7,0.182,5.7,11.2,0.51,0.479,1.9,2.4,0.806,2.2,5.2,7.5,0.8,0.5,0.9,1.4,3.3,14.2,8556120.0
44,44,27.0,SAC,NBA,SG,61.0,28.0,29.0,5.5,12.6,0.44,2.7,7.2,0.372,2.8,5.3,0.532,0.547,1.4,1.9,0.741,0.4,3.0,3.4,3.4,1.0,0.2,1.7,2.2,15.1,8529386.0
237,237,23.0,MEM,NBA,PG,65.0,6.0,19.0,3.0,6.6,0.459,0.7,1.9,0.379,2.3,4.7,0.492,0.514,0.7,0.9,0.741,0.1,1.4,1.6,4.4,0.9,0.1,0.8,0.7,7.4,8400000.0
435,435,34.0,HOU,NBA,PF,72.0,72.0,34.3,2.5,5.9,0.415,1.5,4.2,0.358,1.0,1.8,0.551,0.541,0.5,0.7,0.813,1.6,5.1,6.6,1.6,1.1,0.5,1.0,3.2,6.9,8349039.0
134,134,27.0,CHI,NBA,C,22.0,0.0,17.5,1.5,2.5,0.63,0.0,0.1,0.0,1.5,2.4,0.654,0.63,0.8,1.0,0.783,2.5,2.1,4.6,0.7,0.5,0.1,0.8,1.5,3.9,8156500.0
406,406,23.0,PHI,NBA,PG,57.0,57.0,35.4,6.6,11.4,0.58,0.0,0.1,0.286,6.5,11.2,0.583,0.581,3.2,5.2,0.621,2.0,5.8,7.8,8.0,2.1,0.6,3.5,3.3,16.4,8113930.0
73,73,26.0,LAL,NBA,SG,69.0,26.0,25.5,3.4,7.3,0.467,1.3,3.5,0.385,2.1,3.9,0.541,0.558,1.1,1.5,0.775,0.6,1.5,2.1,1.6,0.8,0.2,0.9,1.9,9.3,8089282.0
356,356,25.0,NYK,NBA,PG,45.0,36.0,27.7,4.3,9.8,0.439,0.3,1.5,0.203,4.0,8.2,0.482,0.455,1.1,1.9,0.57,1.2,3.6,4.7,7.2,1.6,0.4,2.1,2.0,10.0,8000000.0
128,128,32.0,NYK,NBA,SG,36.0,1.0,15.5,1.7,4.8,0.351,1.4,4.0,0.35,0.3,0.9,0.355,0.494,0.3,0.4,0.846,0.1,1.7,1.8,1.2,0.4,0.1,0.5,1.1,5.1,8000000.0
66,66,22.0,WAS,NBA,C,46.0,36.0,24.9,5.3,9.1,0.581,0.8,2.0,0.407,4.5,7.1,0.63,0.626,1.9,2.5,0.741,2.1,5.1,7.2,1.8,0.5,1.1,1.2,2.2,13.2,8000000.0
245,245,28.0,DAL,NBA,PF,74.0,21.0,25.5,3.2,6.9,0.461,1.6,4.3,0.373,1.6,2.6,0.605,0.577,1.1,1.3,0.849,1.5,3.7,5.2,1.2,0.3,1.1,0.8,2.4,9.1,8000000.0
465,465,33.0,LAC,NBA,PG,65.0,8.0,28.7,6.0,14.4,0.418,1.7,4.8,0.352,4.3,9.6,0.451,0.477,4.5,5.2,0.861,0.5,2.6,3.1,5.6,0.7,0.2,2.8,1.2,18.2,8000000.0
24,24,19.0,NYK,NBA,SG,56.0,55.0,30.4,5.2,13.0,0.402,1.1,3.5,0.32,4.1,9.5,0.432,0.445,2.8,4.5,0.614,0.9,4.1,5.0,2.6,1.0,0.3,2.2,2.2,14.3,7839960.0
419,419,21.0,BOS,NBA,PF,66.0,66.0,34.3,8.4,18.6,0.45,2.9,7.1,0.403,5.5,11.5,0.48,0.527,3.8,4.7,0.812,1.0,6.0,7.0,3.0,1.4,0.9,2.3,2.1,23.4,7830000.0
102,102,29.0,TOT,NBA,"PF,SF",65.0,53.0,28.8,3.5,8.7,0.401,2.1,6.1,0.343,1.4,2.6,0.538,0.521,1.5,1.9,0.776,0.8,5.1,5.9,2.5,1.1,0.4,1.1,2.2,10.5,7815533.0
118,118,20.0,DAL,NBA,PG,61.0,61.0,33.6,9.5,20.6,0.463,2.8,8.9,0.316,6.7,11.7,0.574,0.531,7.0,9.2,0.758,1.3,8.1,9.4,8.8,1.0,0.2,4.3,2.5,28.8,7683360.0
180,180,28.0,BRK,NBA,SF,69.0,69.0,30.8,5.5,11.4,0.486,2.5,5.9,0.424,3.0,5.5,0.553,0.596,0.9,1.3,0.719,0.9,3.4,4.3,2.1,0.6,0.2,1.5,2.3,14.5,7666667.0
104,104,29.0,DAL,NBA,SG,64.0,25.0,24.6,4.4,9.0,0.495,2.3,5.0,0.452,2.2,4.0,0.549,0.621,1.3,1.5,0.825,0.4,1.8,2.3,1.9,0.6,0.1,1.0,1.8,12.4,7461380.0
290,290,28.0,IND,NBA,PF,69.0,0.0,19.9,3.9,7.9,0.488,1.9,4.3,0.435,2.0,3.7,0.549,0.605,0.7,0.8,0.828,0.4,2.1,2.5,1.1,0.2,0.1,0.6,1.7,10.3,7333334.0
149,149,28.0,DET,NBA,SG,66.0,6.0,25.8,3.6,8.2,0.435,2.0,5.0,0.399,1.6,3.2,0.493,0.557,1.1,1.3,0.859,0.5,1.8,2.3,1.5,0.7,0.2,0.6,1.5,10.3,7333333.0
387,387,31.0,DET,NBA,PG,50.0,15.0,26.0,7.4,15.1,0.49,0.9,2.9,0.306,6.5,12.1,0.535,0.52,2.4,2.8,0.871,0.5,1.9,2.4,5.6,0.8,0.3,2.5,1.0,18.1,7317073.0
215,215,22.0,NOP,NBA,PF,62.0,62.0,33.9,8.2,17.7,0.463,2.4,6.2,0.391,5.8,11.5,0.501,0.531,5.0,5.9,0.851,0.8,5.3,6.1,4.2,1.0,0.6,3.0,2.9,23.8,7265485.0
16,16,32.0,ORL,NBA,PG,57.0,13.0,24.9,3.2,8.1,0.399,1.2,3.5,0.348,2.0,4.6,0.438,0.475,2.8,3.2,0.89,0.4,1.8,2.1,4.6,0.6,0.0,1.5,1.3,10.5,7250000.0
209,209,22.0,ATL,NBA,SF,63.0,62.0,32.0,4.4,10.8,0.41,1.7,4.8,0.355,2.7,6.0,0.454,0.489,1.7,2.3,0.764,0.7,3.8,4.5,1.8,0.7,0.3,1.6,2.9,12.3,7068360.0
221,221,22.0,MEM,NBA,SF,22.0,0.0,17.3,3.2,7.2,0.44,1.0,3.3,0.319,2.1,4.0,0.54,0.513,1.6,2.3,0.7,0.5,2.5,3.0,1.6,0.8,0.4,1.3,1.8,9.0,7059480.0
37,37,27.0,WAS,NBA,PF,54.0,4.0,29.3,4.9,11.3,0.434,3.7,8.7,0.424,1.2,2.6,0.471,0.598,1.9,2.3,0.852,0.6,3.9,4.5,1.7,0.7,0.6,1.1,2.6,15.4,7000000.0
213,213,32.0,MIL,NBA,PF,63.0,8.0,15.7,2.3,5.0,0.466,0.8,2.2,0.365,1.5,2.8,0.545,0.546,1.1,1.4,0.828,1.0,3.8,4.8,0.8,0.4,0.3,0.5,1.5,6.6,7000000.0
220,220,20.0,MEM,NBA,C,57.0,57.0,28.5,6.2,13.2,0.469,2.5,6.5,0.394,3.6,6.8,0.54,0.565,2.4,3.3,0.747,1.0,3.6,4.6,1.4,0.7,1.6,1.7,4.1,17.4,6927480.0
76,76,33.0,TOT,NBA,"C,SF",24.0,0.0,12.1,1.0,2.8,0.379,0.3,1.4,0.242,0.7,1.4,0.515,0.439,1.2,1.8,0.69,0.5,1.8,2.3,1.0,0.3,0.2,0.7,1.3,3.6,6842307.0
42,42,31.0,SAC,NBA,PF,72.0,67.0,27.9,4.4,9.1,0.481,1.9,4.4,0.419,2.5,4.6,0.541,0.583,1.0,1.2,0.821,1.5,4.8,6.4,2.8,0.9,0.6,1.4,3.0,11.5,6825000.0
62,62,23.0,BOS,NBA,SG,57.0,57.0,33.9,7.5,15.6,0.481,2.3,5.9,0.382,5.2,9.6,0.543,0.554,3.1,4.3,0.724,1.1,5.3,6.4,2.1,1.1,0.4,2.2,2.9,20.3,6534829.0
348,348,24.0,TOT,NBA,PF,38.0,23.0,24.1,5.8,11.3,0.51,0.8,3.1,0.269,4.9,8.2,0.603,0.548,1.6,2.1,0.753,1.6,4.0,5.6,1.8,1.2,0.4,1.7,2.6,14.0,6500000.0
479,479,22.0,LAC,NBA,C,72.0,70.0,18.4,3.3,5.3,0.613,0.0,0.0,0.0,3.3,5.3,0.616,0.613,1.7,2.3,0.747,2.7,4.8,7.5,1.1,0.2,0.9,0.8,2.3,8.3,6481482.0
327,327,34.0,LAC,NBA,C,5.0,0.0,10.0,0.8,1.6,0.5,0.0,0.0,0.0,0.8,1.6,0.5,0.5,1.2,1.6,0.75,1.0,2.2,3.2,1.4,0.2,0.2,1.2,1.8,2.8,6431666.0
150,150,20.0,CLE,NBA,SG,59.0,59.0,30.9,4.7,11.8,0.401,1.8,5.0,0.355,3.0,6.8,0.434,0.476,1.1,1.2,0.875,0.5,1.4,1.9,3.9,0.7,0.1,2.6,1.6,12.3,6400920.0
141,141,22.0,SAC,NBA,PG,51.0,49.0,32.0,7.7,16.0,0.48,1.1,3.6,0.292,6.6,12.4,0.535,0.513,4.7,6.7,0.705,0.7,3.2,3.8,6.8,1.5,0.5,3.1,2.8,21.1,6392760.0
475,475,21.0,ATL,NBA,PG,60.0,60.0,35.3,9.1,20.8,0.437,3.4,9.5,0.361,5.7,11.4,0.501,0.519,8.0,9.3,0.86,0.5,3.7,4.3,9.3,1.1,0.1,4.8,1.7,29.6,6273000.0
178,178,26.0,LAC,NBA,C,63.0,2.0,27.8,7.5,12.9,0.58,0.0,0.3,0.0,7.5,12.6,0.593,0.58,3.7,5.6,0.658,2.6,4.5,7.1,1.7,0.6,1.1,1.7,2.3,18.6,6000000.0
411,411,31.0,WAS,NBA,PG,68.0,23.0,26.3,4.5,10.1,0.447,0.9,2.5,0.367,3.6,7.6,0.473,0.492,0.9,1.3,0.721,0.4,2.8,3.2,4.9,0.9,0.4,1.4,1.6,10.9,6000000.0
33,33,33.0,SAS,NBA,SG,57.0,0.0,15.5,2.2,5.5,0.392,1.2,3.1,0.376,1.0,2.4,0.412,0.498,0.8,1.0,0.828,0.1,1.6,1.7,1.2,0.2,0.0,0.3,0.8,6.3,5846154.0
103,103,20.0,MIN,NBA,SG,63.0,35.0,23.9,3.7,9.0,0.404,1.0,3.5,0.299,2.6,5.5,0.471,0.462,0.9,1.9,0.462,1.1,2.3,3.4,1.7,0.9,0.6,1.3,2.0,9.2,5813640.0
217,217,22.0,ORL,NBA,PF,34.0,32.0,28.8,4.6,9.8,0.47,0.9,2.8,0.34,3.6,7.0,0.521,0.518,1.8,2.3,0.779,1.7,5.1,6.8,1.4,1.6,2.3,1.4,2.4,11.9,5806440.0
202,202,27.0,POR,NBA,SF,21.0,21.0,29.5,4.1,8.2,0.506,1.7,3.4,0.493,2.5,4.8,0.515,0.608,1.0,1.3,0.778,0.5,3.0,3.4,1.5,0.8,0.2,0.9,2.2,11.0,5718000.0
21,21,21.0,ORL,NBA,C,62.0,0.0,14.2,2.1,4.6,0.462,0.6,1.7,0.346,1.5,2.9,0.531,0.526,0.5,0.7,0.674,1.6,3.3,4.9,0.7,0.4,1.4,0.7,1.9,5.4,5697600.0
274,274,24.0,SAS,NBA,PF,63.0,53.0,20.2,2.4,5.4,0.446,1.0,2.7,0.387,1.4,2.8,0.503,0.541,0.5,0.7,0.733,1.1,4.6,5.7,1.1,0.4,0.4,0.6,1.6,6.4,5500000.0
28,28,33.0,PHO,NBA,C,42.0,28.0,22.2,4.4,9.1,0.48,1.4,4.0,0.351,3.0,5.1,0.582,0.558,1.3,1.8,0.747,1.7,4.0,5.6,1.6,0.2,0.5,1.2,3.4,11.5,5453280.0
126,126,25.0,CHI,NBA,PG,51.0,32.0,24.9,3.0,6.7,0.444,0.6,2.2,0.259,2.4,4.5,0.535,0.487,0.8,1.1,0.741,0.5,3.2,3.6,3.4,2.0,0.3,1.3,3.1,7.3,5348007.0
458,458,19.0,CHI,NBA,PG,65.0,1.0,25.8,4.8,12.2,0.394,2.0,5.8,0.354,2.8,6.4,0.43,0.478,1.6,2.0,0.791,0.4,3.1,3.5,2.7,0.8,0.1,1.7,1.8,13.2,5307120.0
281,281,22.0,CHI,NBA,PF,50.0,50.0,29.8,5.0,11.8,0.425,2.2,6.3,0.344,2.8,5.5,0.518,0.517,2.5,3.1,0.824,1.2,5.1,6.3,1.5,0.8,0.5,1.6,1.9,14.7,5300400.0
9,9,31.0,HOU,NBA,C,2.0,0.0,7.0,1.0,3.5,0.286,0.5,2.5,0.2,0.5,1.0,0.5,0.357,0.0,0.0,0.0,0.0,3.5,3.5,1.0,0.5,0.0,0.5,0.5,2.5,5214583.0
79,79,20.0,CHI,NBA,C,43.0,43.0,29.2,4.3,8.0,0.534,0.1,0.7,0.207,4.1,7.3,0.564,0.542,2.6,3.5,0.737,3.2,6.2,9.4,1.2,0.8,0.8,1.7,3.8,11.3,5201400.0
422,422,27.0,BOS,NBA,C,65.0,64.0,24.1,3.7,6.6,0.566,0.5,1.5,0.333,3.2,5.1,0.633,0.603,1.3,1.8,0.763,2.2,4.4,6.6,1.7,0.6,1.3,0.8,3.4,9.2,5000000.0
186,186,19.0,NOP,NBA,C,64.0,14.0,16.9,2.7,4.0,0.672,0.0,0.1,0.25,2.7,4.0,0.678,0.674,1.9,3.0,0.647,1.5,2.5,4.0,0.9,0.4,0.9,0.8,2.5,7.4,4862040.0
194,194,27.0,SAC,NBA,SG,72.0,44.0,30.8,6.9,16.1,0.429,3.8,9.6,0.394,3.2,6.6,0.479,0.545,1.6,1.9,0.846,0.8,3.8,4.6,3.0,0.9,0.2,2.3,2.3,19.2,4861208.0
331,331,21.0,NYK,NBA,PG,57.0,26.0,20.8,2.3,5.8,0.393,0.8,2.4,0.321,1.5,3.4,0.444,0.459,0.9,1.0,0.864,0.4,1.7,2.1,3.0,0.9,0.3,1.2,2.5,6.3,4855800.0
292,292,28.0,LAC,NBA,SG,56.0,4.0,15.6,1.3,3.2,0.398,0.4,1.6,0.27,0.9,1.6,0.522,0.464,0.3,0.6,0.559,0.5,2.2,2.7,0.6,0.5,0.1,0.4,1.3,3.3,4807693.0
421,421,33.0,BRK,NBA,SG,62.0,35.0,27.9,3.6,9.5,0.378,2.0,6.2,0.329,1.5,3.2,0.473,0.486,1.1,1.4,0.805,0.5,3.0,3.5,2.5,0.8,0.5,1.0,1.7,10.3,4767000.0
201,201,26.0,SAC,NBA,C,44.0,38.0,28.2,5.1,7.8,0.648,0.0,0.0,0.0,5.1,7.8,0.648,0.648,2.1,2.7,0.788,2.9,5.3,8.1,1.0,0.9,1.3,1.2,3.8,12.3,4767000.0
199,199,30.0,IND,NBA,SF,73.0,6.0,25.0,2.8,6.7,0.428,1.8,4.5,0.405,1.0,2.1,0.477,0.566,0.7,0.9,0.791,0.4,2.8,3.3,1.3,1.2,0.6,0.6,1.9,8.3,4767000.0
167,167,29.0,LAC,NBA,PF,63.0,1.0,20.7,2.4,5.6,0.429,1.5,3.8,0.387,0.9,1.8,0.518,0.56,0.6,0.8,0.75,1.2,4.9,6.2,0.8,0.5,0.4,0.9,2.8,6.8,4767000.0
241,241,26.0,PHO,NBA,C,39.0,13.0,19.9,3.5,7.9,0.45,1.1,3.2,0.331,2.5,4.7,0.53,0.516,1.6,2.3,0.678,0.9,3.6,4.5,1.9,0.4,0.3,0.9,1.9,9.7,4767000.0
144,144,27.0,BOS,NBA,C,58.0,7.0,16.9,3.4,6.0,0.572,0.0,0.1,0.143,3.4,5.9,0.581,0.573,1.2,1.7,0.707,2.8,4.6,7.4,1.0,0.4,0.7,1.0,1.7,8.1,4767000.0
399,399,31.0,PHI,NBA,PF,68.0,11.0,17.8,2.2,5.1,0.426,1.2,3.2,0.369,1.0,2.0,0.519,0.54,0.4,0.5,0.811,1.0,2.7,3.6,0.8,0.3,0.1,0.4,1.4,6.0,4767000.0
270,270,31.0,MIL,NBA,C,66.0,5.0,14.5,2.2,4.5,0.492,0.5,1.6,0.333,1.7,2.9,0.577,0.55,0.4,0.8,0.528,0.8,1.6,2.4,0.7,0.2,0.7,1.0,1.5,5.4,4767000.0
52,52,29.0,LAL,NBA,SG,49.0,44.0,24.2,3.5,7.8,0.444,1.3,3.5,0.364,2.2,4.3,0.51,0.526,0.4,0.5,0.833,0.4,2.0,2.3,1.3,0.9,0.1,1.0,2.2,8.6,4767000.0
108,108,30.0,UTA,NBA,C,28.0,1.0,10.8,0.8,1.6,0.478,0.0,0.0,0.0,0.8,1.6,0.478,0.478,0.3,0.5,0.5,1.3,2.5,3.8,0.4,0.4,0.3,0.5,2.2,1.8,4767000.0
401,401,21.0,CLE,NBA,PG,65.0,65.0,33.0,7.9,16.7,0.472,1.5,3.9,0.38,6.4,12.8,0.501,0.517,3.5,4.1,0.846,0.9,2.2,3.1,3.0,1.0,0.1,2.4,2.2,20.8,4764960.0
172,172,21.0,WAS,NBA,PF,48.0,48.0,30.1,5.3,11.4,0.466,0.5,1.8,0.287,4.8,9.5,0.5,0.489,2.4,2.9,0.829,1.6,4.5,6.1,1.8,0.8,0.2,1.1,2.2,13.5,4469160.0
268,268,23.0,GSW,NBA,C,20.0,4.0,13.1,1.5,4.0,0.367,0.1,0.7,0.071,1.4,3.3,0.431,0.373,0.5,0.6,0.75,1.4,1.9,3.3,1.0,0.6,0.3,0.6,1.7,3.4,4464286.0
410,410,22.0,NYK,NBA,PG,34.0,3.0,15.8,2.1,6.2,0.341,0.5,1.6,0.296,1.6,4.6,0.357,0.379,0.8,1.6,0.509,0.6,1.7,2.3,2.9,0.8,0.2,1.7,1.9,5.5,4463640.0
317,317,22.0,DEN,NBA,PG,59.0,59.0,32.3,6.9,15.2,0.456,1.9,5.5,0.346,5.0,9.7,0.519,0.519,2.8,3.1,0.881,0.8,3.2,4.0,4.8,1.1,0.3,2.2,1.7,18.5,4444746.0
247,247,20.0,NYK,NBA,SF,65.0,4.0,17.9,2.2,6.2,0.359,1.0,3.1,0.327,1.2,3.1,0.391,0.44,1.0,1.6,0.653,0.4,2.4,2.8,0.9,0.4,0.4,0.7,1.6,6.4,4380120.0
374,374,20.0,ATL,NBA,SF,58.0,34.0,26.7,3.7,9.6,0.384,1.4,4.3,0.332,2.2,5.2,0.428,0.459,1.7,2.2,0.802,0.6,3.1,3.7,1.5,1.1,0.5,1.7,2.3,10.5,4245720.0
93,93,22.0,POR,NBA,PF,11.0,11.0,26.4,2.9,6.2,0.471,0.6,1.7,0.368,2.3,4.5,0.51,0.522,0.5,0.7,0.75,2.3,4.0,6.3,1.5,0.5,0.5,1.3,3.3,7.0,4240200.0
56,56,23.0,PHO,NBA,SF,73.0,32.0,28.0,3.4,6.6,0.51,1.0,2.7,0.361,2.4,4.0,0.61,0.583,1.4,1.7,0.844,0.9,3.1,4.0,1.8,1.4,0.6,1.0,2.2,9.1,4161000.0
262,262,26.0,TOT,NBA,C,55.0,12.0,17.6,3.2,5.8,0.555,0.3,1.1,0.271,2.9,4.7,0.619,0.58,1.2,1.9,0.648,1.8,4.0,5.8,0.9,0.4,0.9,1.0,2.3,8.0,4160000.0
296,296,29.0,NOP,NBA,C,60.0,8.0,17.4,2.3,5.4,0.421,1.2,3.4,0.335,1.1,2.0,0.573,0.528,0.9,1.2,0.74,0.6,2.4,3.0,1.4,0.6,0.4,0.8,2.1,6.6,4102564.0
229,229,23.0,PHO,NBA,PF,57.0,9.0,22.0,3.1,7.1,0.435,1.9,4.8,0.39,1.2,2.3,0.526,0.565,0.8,1.0,0.807,0.9,2.4,3.3,1.2,0.6,0.4,0.6,1.5,8.8,4033440.0
307,307,21.0,CHO,NBA,SG,55.0,1.0,21.3,3.9,8.9,0.434,1.1,3.7,0.284,2.8,5.2,0.542,0.494,1.5,1.8,0.82,0.5,2.4,2.9,2.1,0.5,0.3,1.4,1.3,10.3,4028400.0
138,138,26.0,DAL,NBA,PF,71.0,68.0,29.9,3.4,7.4,0.466,1.6,4.3,0.376,1.8,3.1,0.589,0.575,1.1,1.5,0.722,2.0,3.7,5.7,1.6,0.6,0.5,1.0,2.5,9.5,4000000.0
286,286,24.0,TOR,NBA,SF,37.0,12.0,24.5,1.8,4.4,0.414,0.6,1.9,0.324,1.2,2.5,0.484,0.485,0.4,0.5,0.722,0.5,1.8,2.3,2.1,1.1,0.1,0.8,1.6,4.6,4000000.0
67,67,28.0,NYK,NBA,SG,29.0,19.0,23.6,3.1,7.7,0.402,1.3,3.8,0.333,1.8,3.9,0.469,0.484,0.6,0.7,0.81,0.4,1.9,2.3,1.4,0.9,0.1,0.7,1.9,8.1,4000000.0
291,291,32.0,LAL,NBA,C,68.0,68.0,16.6,2.9,4.5,0.637,0.0,0.1,0.5,2.8,4.4,0.64,0.642,0.8,1.2,0.646,1.8,3.9,5.7,0.5,0.5,1.4,0.8,2.3,6.6,4000000.0
156,156,21.0,OKC,NBA,SG,70.0,70.0,34.7,6.8,14.5,0.471,1.2,3.6,0.347,5.6,10.9,0.512,0.514,4.1,5.1,0.807,0.7,5.2,5.9,3.3,1.1,0.7,1.9,1.7,19.0,3952920.0
455,455,21.0,CHO,NBA,PF,58.0,57.0,30.3,4.6,10.2,0.455,1.5,4.0,0.374,3.1,6.2,0.507,0.528,1.5,2.3,0.647,1.0,4.4,5.4,2.1,0.9,0.8,1.6,2.7,12.2,3831840.0
242,242,23.0,DET,NBA,SG,28.0,25.0,32.9,5.4,12.2,0.442,2.6,6.5,0.399,2.8,5.7,0.491,0.548,2.4,2.7,0.893,0.3,3.2,3.5,4.1,0.4,0.2,1.5,2.3,15.8,3827160.0
57,57,21.0,CHO,NBA,SF,65.0,64.0,30.7,4.9,11.6,0.424,1.5,4.6,0.33,3.4,7.0,0.486,0.489,1.6,2.0,0.809,1.4,4.2,5.6,1.8,0.6,0.7,1.5,2.0,13.0,3755400.0
361,361,24.0,SAS,NBA,C,66.0,18.0,17.7,2.5,4.0,0.624,0.0,0.0,0.0,2.5,4.0,0.624,0.624,0.6,1.3,0.465,2.0,3.7,5.7,1.8,0.6,1.4,0.8,1.9,5.6,3754886.0
192,192,20.0,MIA,NBA,SG,55.0,8.0,27.4,4.9,11.5,0.428,2.1,5.4,0.389,2.8,6.1,0.462,0.52,1.6,1.8,0.87,0.3,3.8,4.1,2.2,0.6,0.2,1.6,1.4,13.5,3640200.0
306,306,23.0,UTA,NBA,SG,69.0,69.0,34.3,8.7,19.4,0.449,2.5,6.9,0.366,6.2,12.6,0.494,0.513,4.0,4.7,0.863,0.8,3.6,4.4,4.3,1.0,0.2,2.7,2.5,24.0,3635760.0
232,232,23.0,TOR,NBA,PF,25.0,0.0,6.0,0.9,2.4,0.373,0.3,1.0,0.292,0.6,1.4,0.429,0.432,0.4,0.6,0.563,0.3,1.2,1.5,0.8,0.2,0.2,0.6,0.6,2.4,3623000.0
257,257,25.0,MIN,NBA,SF,23.0,2.0,22.0,3.5,7.8,0.453,1.0,3.1,0.333,2.5,4.7,0.533,0.52,1.0,1.4,0.75,0.7,1.7,2.5,0.7,0.7,0.4,1.0,2.0,9.1,3581986.0
278,278,22.0,DET,NBA,C,60.0,14.0,12.9,1.6,3.2,0.482,0.4,1.1,0.344,1.2,2.2,0.55,0.539,1.2,1.8,0.664,0.9,1.9,2.8,0.7,0.4,0.7,0.8,1.7,4.7,3569643.0
382,382,22.0,TOT,NBA,SG,63.0,6.0,15.5,1.8,4.9,0.371,0.8,2.4,0.32,1.0,2.5,0.42,0.45,0.6,0.9,0.702,0.2,1.8,2.0,1.4,0.4,0.3,0.8,1.8,5.1,3567720.0
434,434,24.0,NYK,NBA,SG,24.0,1.0,12.1,2.1,4.4,0.481,0.8,2.2,0.358,1.3,2.2,0.604,0.571,1.4,1.8,0.791,0.3,1.0,1.2,1.2,0.1,0.2,0.9,1.2,6.5,3551100.0
205,205,26.0,HOU,NBA,SF,63.0,52.0,30.4,3.7,8.6,0.427,2.0,5.6,0.363,1.6,2.9,0.549,0.546,1.2,1.4,0.811,0.9,3.3,4.2,1.3,1.1,0.5,0.9,2.1,10.5,3540000.0
392,392,23.0,IND,NBA,PF,62.0,62.0,34.8,7.4,13.7,0.54,0.3,1.1,0.254,7.1,12.6,0.565,0.55,3.5,4.8,0.723,3.0,9.4,12.4,5.0,0.8,0.5,2.7,3.1,18.5,3529555.0
280,280,31.0,DAL,NBA,C,44.0,5.0,9.6,2.8,4.8,0.573,0.1,0.4,0.235,2.7,4.4,0.603,0.583,1.0,1.3,0.754,1.5,3.0,4.5,0.5,0.2,0.2,0.7,1.3,6.6,3500000.0
288,288,27.0,IND,NBA,PG,71.0,3.0,18.7,3.0,5.8,0.516,0.1,0.2,0.294,2.9,5.5,0.525,0.522,0.5,0.6,0.833,0.5,2.1,2.7,5.0,0.8,0.2,1.4,1.0,6.5,3500000.0
371,371,25.0,BRK,NBA,PF,64.0,61.0,29.0,4.3,11.5,0.376,2.3,6.7,0.339,2.1,4.8,0.429,0.475,1.1,1.4,0.798,0.8,5.2,6.0,1.8,0.9,0.4,2.0,2.5,12.1,3481986.0
395,395,25.0,PHO,NBA,PF,66.0,51.0,24.7,3.9,8.2,0.476,1.3,3.6,0.357,2.6,4.6,0.568,0.554,1.6,1.9,0.844,1.5,4.6,6.2,1.9,0.6,0.2,1.3,2.4,10.7,3481986.0
255,255,20.0,BOS,NBA,SG,32.0,2.0,11.6,0.9,2.5,0.35,0.2,0.8,0.185,0.7,1.7,0.434,0.381,0.6,0.8,0.72,0.5,0.8,1.3,0.4,0.3,0.3,0.3,1.0,2.5,3458400.0
1,1,22.0,MIA,NBA,PF,72.0,72.0,33.6,6.1,11.0,0.557,0.0,0.2,0.143,6.1,10.8,0.564,0.558,3.7,5.3,0.691,2.4,7.8,10.2,5.1,1.1,1.3,2.8,2.5,15.9,3454080.0
250,250,38.0,MIL,NBA,SF,58.0,1.0,16.6,2.2,5.1,0.43,1.7,4.1,0.418,0.5,1.0,0.482,0.599,0.6,0.7,0.854,0.3,1.8,2.1,1.2,0.4,0.2,0.8,1.3,6.7,3440000.0
365,365,21.0,DEN,NBA,SF,55.0,8.0,16.4,3.5,7.0,0.509,1.1,2.7,0.422,2.4,4.3,0.564,0.59,1.1,1.3,0.833,1.2,3.5,4.7,0.8,0.5,0.5,0.9,1.8,9.3,3389400.0
441,441,26.0,CHI,NBA,SF,36.0,5.0,13.6,2.7,6.6,0.409,1.3,3.8,0.336,1.4,2.8,0.51,0.506,0.2,0.2,0.75,0.3,1.8,2.1,1.2,0.7,0.2,0.7,1.4,6.8,3377569.0
190,190,24.0,TOT,NBA,PF,48.0,14.0,17.4,2.1,5.1,0.405,0.9,2.7,0.341,1.2,2.5,0.475,0.494,0.9,1.5,0.62,0.9,3.2,4.1,0.8,0.4,0.2,0.7,1.3,6.0,3321030.0
121,121,19.0,DET,NBA,PF,38.0,19.0,19.8,2.4,6.2,0.39,0.7,2.6,0.286,1.7,3.6,0.464,0.449,0.8,1.2,0.674,0.5,2.6,3.1,0.5,0.5,0.2,0.9,2.1,6.4,3285120.0
222,222,24.0,DAL,NBA,PF,65.0,3.0,16.1,2.1,5.2,0.396,0.7,2.5,0.294,1.3,2.7,0.489,0.466,0.6,0.8,0.84,0.4,2.0,2.4,0.8,0.2,0.2,0.2,1.1,5.5,3280920.0
64,64,20.0,WAS,NBA,SF,69.0,22.0,25.8,4.0,9.0,0.439,0.9,2.6,0.341,3.1,6.4,0.479,0.488,1.6,2.0,0.784,1.1,4.4,5.6,2.6,1.2,0.1,1.1,1.9,10.4,3219480.0
137,137,26.0,SAC,NBA,PG,50.0,0.0,10.6,1.6,3.8,0.42,0.5,1.6,0.304,1.1,2.2,0.505,0.484,0.7,0.8,0.857,0.1,0.9,1.0,1.4,0.4,0.1,0.6,0.8,4.4,3150000.0
413,413,20.0,PHI,NBA,SF,7.0,0.0,4.6,0.4,1.6,0.273,0.0,0.4,0.0,0.4,1.1,0.375,0.273,0.3,0.6,0.5,0.0,0.3,0.3,0.3,0.4,0.0,0.3,0.6,1.1,3058800.0
206,206,34.0,LAL,NBA,C,69.0,2.0,18.9,2.9,4.0,0.729,0.0,0.1,0.6,2.9,3.9,0.732,0.735,1.6,3.1,0.514,2.5,4.9,7.3,0.7,0.4,1.1,1.2,3.2,7.5,3039097.0
14,14,25.0,CHI,NBA,PG,58.0,4.0,16.0,1.6,3.8,0.409,0.9,2.4,0.391,0.6,1.4,0.439,0.532,0.5,0.7,0.711,0.3,1.6,1.9,1.7,0.5,0.1,0.6,1.7,4.5,3000000.0
39,39,27.0,ORL,NBA,C,48.0,24.0,19.2,1.5,3.0,0.51,0.0,0.0,0.0,1.5,3.0,0.514,0.51,1.4,2.1,0.653,1.9,2.7,4.6,1.0,0.4,0.5,0.6,1.9,4.4,3000000.0
96,96,26.0,LAL,NBA,PG,44.0,1.0,11.5,2.1,4.9,0.425,0.7,1.9,0.365,1.4,2.9,0.465,0.498,0.3,0.3,0.786,0.3,0.9,1.2,1.1,0.3,0.0,0.8,0.6,5.1,3000000.0
3,3,21.0,NOP,NBA,SG,47.0,1.0,12.6,2.1,5.7,0.368,1.0,2.8,0.346,1.1,2.8,0.391,0.455,0.5,0.8,0.676,0.2,1.6,1.8,1.9,0.4,0.2,1.1,1.2,5.7,2964840.0
470,470,23.0,MIL,NBA,PF,37.0,1.0,9.8,1.4,3.6,0.394,0.5,2.0,0.247,0.9,1.6,0.576,0.462,0.3,0.5,0.611,0.3,2.2,2.5,0.7,0.1,0.1,0.5,0.9,3.6,2961120.0
345,345,24.0,CLE,NBA,SF,65.0,65.0,29.4,4.1,9.4,0.437,1.9,4.9,0.383,2.2,4.4,0.497,0.538,1.0,1.4,0.67,0.6,3.0,3.6,2.4,0.8,0.2,1.4,2.5,11.0,2907143.0
117,117,23.0,MIL,NBA,SG,66.0,24.0,23.0,3.5,7.7,0.455,1.3,3.7,0.336,2.3,4.0,0.567,0.536,1.0,1.3,0.733,1.0,3.8,4.8,2.3,1.3,0.3,1.4,1.7,9.2,2905800.0
139,139,26.0,SAS,NBA,SG,63.0,62.0,25.1,3.8,9.2,0.417,2.3,6.0,0.388,1.5,3.2,0.47,0.544,1.2,1.4,0.833,0.2,1.8,2.0,1.7,0.5,0.0,0.9,1.8,11.2,2875000.0
40,40,20.0,IND,NBA,C,54.0,2.0,8.7,1.3,2.8,0.467,0.1,0.8,0.19,1.1,2.0,0.574,0.493,0.4,0.6,0.727,0.5,1.5,2.0,0.4,0.2,0.7,0.5,1.2,3.2,2816760.0
258,258,22.0,IND,NBA,PF,28.0,1.0,7.9,1.3,3.1,0.419,0.2,0.6,0.278,1.1,2.4,0.456,0.448,0.3,0.6,0.438,0.8,1.7,2.5,0.3,0.4,0.1,0.3,0.8,3.0,2813280.0
450,450,21.0,SAS,NBA,SG,61.0,12.0,16.2,2.5,5.9,0.426,0.7,1.7,0.406,1.8,4.2,0.434,0.483,0.7,1.0,0.721,0.4,1.9,2.3,1.1,0.5,0.2,0.7,1.3,6.4,2760480.0
81,81,25.0,LAL,NBA,PG,64.0,2.0,18.4,1.9,4.5,0.412,0.6,1.9,0.333,1.3,2.7,0.468,0.481,1.1,1.5,0.734,0.3,1.7,1.9,1.9,1.1,0.3,0.8,1.5,5.5,2750000.0
32,32,23.0,TOT,NBA,SG,55.0,14.0,22.0,4.1,9.7,0.425,1.9,5.0,0.388,2.2,4.7,0.465,0.525,1.0,1.2,0.818,0.3,2.4,2.7,1.4,0.7,0.1,1.0,1.4,11.2,2731714.0
393,393,20.0,SAS,NBA,PF,3.0,1.0,16.0,1.7,5.3,0.313,1.0,2.7,0.375,0.7,2.7,0.25,0.406,1.0,1.3,0.75,0.3,3.0,3.3,2.0,0.0,0.7,0.7,2.0,5.3,2689920.0
92,92,22.0,ATL,NBA,PF,41.0,41.0,33.2,8.6,14.8,0.583,1.4,3.6,0.401,7.2,11.2,0.642,0.632,2.9,3.7,0.8,2.8,7.3,10.1,1.5,0.8,1.6,1.8,3.4,21.6,2686560.0
208,208,21.0,ATL,NBA,SG,56.0,48.0,31.4,4.5,10.9,0.413,2.3,6.0,0.38,2.2,4.9,0.453,0.517,0.9,1.1,0.828,0.6,3.4,4.1,3.8,0.9,0.5,1.6,2.5,12.2,2636280.0
265,265,25.0,BRK,NBA,SG,45.0,31.0,29.6,6.9,16.3,0.425,1.8,4.9,0.364,5.1,11.4,0.451,0.48,3.1,4.4,0.711,1.1,3.1,4.2,4.4,1.2,0.2,2.6,1.8,18.7,2625718.0
171,171,24.0,MEM,NBA,SG,44.0,0.0,11.0,1.4,3.6,0.395,0.6,1.9,0.301,0.8,1.7,0.5,0.475,0.5,0.6,0.923,0.3,1.3,1.7,1.0,0.3,0.2,0.8,0.8,3.9,2625000.0
35,35,25.0,ATL,NBA,SG,43.0,4.0,21.3,2.4,5.3,0.456,0.3,1.5,0.231,2.1,3.8,0.546,0.489,0.6,1.1,0.542,0.8,2.7,3.5,1.9,1.3,0.4,1.4,2.0,5.8,2603982.0
429,429,22.0,PHI,NBA,SG,65.0,14.0,19.8,1.7,4.1,0.423,0.9,2.4,0.357,0.9,1.7,0.519,0.528,0.4,0.6,0.61,0.7,1.0,1.6,1.2,1.4,0.7,0.8,2.2,4.7,2582160.0
155,155,21.0,SAC,NBA,C,46.0,17.0,14.5,3.0,5.5,0.554,0.0,0.0,0.0,3.0,5.4,0.558,0.554,0.8,1.1,0.776,0.9,3.2,4.1,1.3,0.5,0.4,1.0,2.6,6.9,2578800.0
185,185,39.0,MIA,NBA,C,4.0,1.0,11.0,1.0,2.8,0.364,0.3,0.8,0.333,0.8,2.0,0.375,0.409,0.8,1.0,0.75,0.3,3.8,4.0,0.3,0.0,0.0,0.3,1.5,3.0,2564753.0
83,83,37.0,HOU,NBA,C,26.0,5.0,8.4,0.5,0.7,0.778,0.0,0.0,0.0,0.5,0.7,0.778,0.778,0.2,0.5,0.462,1.0,1.6,2.5,0.2,0.2,0.3,0.3,1.2,1.3,2564753.0
400,400,35.0,HOU,NBA,PF,41.0,0.0,10.6,0.9,2.2,0.407,0.4,1.3,0.278,0.5,0.9,0.595,0.489,0.1,0.2,0.375,0.5,1.8,2.3,0.6,0.6,0.3,0.4,1.0,2.2,2564753.0
84,84,32.0,BRK,NBA,PF,35.0,3.0,21.0,2.1,5.2,0.404,1.1,3.5,0.306,1.1,1.8,0.597,0.505,0.6,0.7,0.87,0.3,3.8,4.1,1.1,0.5,0.3,1.0,2.3,5.9,2564753.0
78,78,43.0,ATL,NBA,PF,60.0,0.0,14.6,1.8,5.1,0.352,1.0,3.4,0.302,0.8,1.7,0.451,0.452,0.4,0.5,0.793,0.3,1.8,2.1,0.8,0.4,0.4,0.6,1.5,5.0,2564753.0
22,22,35.0,DAL,NBA,PG,29.0,6.0,15.5,2.9,7.1,0.411,1.1,2.9,0.376,1.8,4.2,0.434,0.488,0.7,0.8,0.909,0.3,1.5,1.8,3.9,0.2,0.1,1.3,0.9,7.7,2564753.0
169,169,33.0,TOT,NBA,"C,PF",48.0,4.0,20.0,3.3,7.2,0.462,1.3,3.8,0.339,2.0,3.4,0.602,0.552,1.5,1.9,0.802,0.5,2.3,2.8,1.0,0.5,0.4,0.9,1.9,9.4,2564753.0
386,386,33.0,LAL,NBA,PG,48.0,3.0,20.5,2.9,6.8,0.418,0.9,2.6,0.328,2.0,4.2,0.473,0.48,0.6,0.9,0.659,0.5,2.5,3.0,5.0,0.8,0.0,1.9,1.2,7.1,2564753.0
284,284,33.0,MIL,NBA,SG,67.0,67.0,24.4,2.5,6.3,0.396,1.6,4.4,0.364,0.9,1.9,0.472,0.524,0.8,1.0,0.765,0.3,2.1,2.5,1.4,0.6,0.1,0.6,1.5,7.4,2564753.0
125,125,34.0,LAL,NBA,PF,45.0,1.0,8.1,0.5,1.3,0.4,0.4,0.9,0.429,0.1,0.4,0.333,0.55,0.0,0.0,1.0,0.1,1.0,1.2,0.6,0.3,0.1,0.2,0.9,1.5,2564753.0
340,340,21.0,MIN,NBA,SG,62.0,28.0,25.0,2.7,6.4,0.427,0.7,2.5,0.266,2.1,3.9,0.529,0.479,2.5,3.1,0.796,1.4,2.9,4.3,1.6,1.1,0.4,1.4,2.2,8.6,2530680.0
362,362,26.0,BOS,NBA,C,22.0,0.0,5.9,0.8,1.6,0.472,0.0,0.1,0.5,0.7,1.5,0.471,0.486,0.3,0.3,0.857,0.6,1.4,2.0,0.4,0.1,0.4,0.4,1.1,1.9,2505793.0
200,200,25.0,TOR,NBA,PF,60.0,6.0,18.7,2.6,5.5,0.471,0.1,0.4,0.13,2.5,5.1,0.497,0.476,1.8,2.4,0.734,1.8,2.9,4.7,1.8,0.8,0.4,1.0,1.9,7.0,2500000.0
88,88,23.0,MEM,NBA,PF,58.0,4.0,22.4,5.1,8.3,0.618,0.4,1.1,0.359,4.7,7.2,0.658,0.642,1.5,1.9,0.759,1.6,4.4,5.9,1.4,0.6,0.8,0.9,1.7,12.1,2478840.0
135,135,21.0,OKC,NBA,SF,56.0,38.0,22.4,1.4,3.9,0.355,0.9,3.0,0.292,0.5,0.9,0.558,0.466,0.3,0.4,0.75,0.4,0.9,1.3,0.9,0.5,0.3,0.6,2.8,3.9,2475840.0
430,430,34.0,TOT,NBA,PF,55.0,13.0,15.9,1.2,3.3,0.357,0.9,2.6,0.338,0.3,0.7,0.432,0.492,0.4,0.5,0.724,0.6,2.2,2.8,0.8,0.3,0.2,0.6,1.3,3.6,2419852.0
293,293,27.0,CLE,NBA,SF,40.0,1.0,14.8,1.8,4.3,0.427,0.4,1.6,0.215,1.5,2.7,0.557,0.468,0.6,0.8,0.71,0.9,1.9,2.8,0.4,0.6,0.2,0.7,1.8,4.6,2391985.0
462,462,21.0,BOS,NBA,PF,69.0,5.0,15.1,1.3,3.1,0.412,0.3,1.4,0.25,0.9,1.7,0.548,0.469,0.6,0.8,0.722,0.9,1.7,2.6,1.0,0.4,0.5,0.7,2.4,3.4,2379840.0
5,5,21.0,BRK,NBA,C,70.0,64.0,26.5,4.3,6.6,0.649,0.0,0.1,0.0,4.3,6.6,0.658,0.649,2.4,3.9,0.633,3.1,6.5,9.6,1.6,0.6,1.3,1.1,2.3,11.1,2376840.0
404,404,25.0,TOR,NBA,PF,60.0,60.0,35.2,8.3,18.4,0.453,2.2,6.1,0.359,6.2,12.3,0.499,0.512,4.0,5.1,0.792,1.1,6.3,7.3,3.5,1.0,0.9,2.5,2.8,22.9,2351839.0
253,253,23.0,POR,NBA,C,33.0,1.0,17.2,2.5,4.5,0.551,0.1,0.4,0.231,2.4,4.1,0.582,0.561,0.8,1.0,0.758,2.0,3.2,5.1,1.3,0.2,0.9,0.9,2.7,5.8,2338847.0
210,210,23.0,CHI,NBA,SF,28.0,10.0,18.8,2.9,6.3,0.457,0.4,1.4,0.316,2.4,4.9,0.496,0.491,1.6,2.8,0.59,0.6,3.2,3.9,0.9,1.0,0.3,1.0,1.7,7.8,2332320.0
352,352,30.0,LAC,NBA,PF,59.0,18.0,13.2,1.6,3.9,0.408,1.1,2.9,0.39,0.5,1.0,0.459,0.552,0.6,0.7,0.814,0.6,2.0,2.6,0.7,0.1,0.1,0.4,0.9,4.9,2331593.0
316,316,23.0,SAS,NBA,PG,66.0,58.0,25.6,4.5,9.7,0.462,0.6,1.7,0.369,3.8,8.0,0.481,0.494,1.4,1.7,0.798,1.0,4.8,5.8,4.1,1.7,0.3,1.9,2.2,10.9,2321735.0
423,423,30.0,WAS,NBA,PG,40.0,37.0,23.1,4.4,10.7,0.408,2.0,4.7,0.413,2.4,5.9,0.405,0.5,1.6,1.9,0.816,0.3,1.4,1.7,3.7,0.3,0.2,1.9,1.9,12.2,2320044.0
69,69,28.0,TOT,NBA,"SF,SG",66.0,19.0,26.6,4.9,11.6,0.418,1.8,4.6,0.385,3.1,7.1,0.439,0.493,3.6,4.0,0.887,0.7,3.5,4.3,2.9,0.9,0.3,1.4,1.9,15.0,2320044.0
235,235,24.0,ATL,NBA,C,55.0,27.0,16.1,2.2,3.2,0.68,0.0,0.2,0.222,2.2,3.1,0.704,0.685,1.1,1.5,0.738,1.3,2.4,3.7,0.6,0.5,0.7,0.5,2.7,5.6,2305057.0
30,30,19.0,OKC,NBA,PF,61.0,9.0,18.5,2.0,5.2,0.394,0.8,2.3,0.348,1.2,2.9,0.432,0.472,0.7,1.0,0.694,0.5,3.5,4.0,0.7,0.4,0.7,0.7,0.9,5.6,2284800.0
13,13,22.0,TOR,NBA,SF,69.0,68.0,29.9,4.1,8.2,0.505,1.3,3.3,0.39,2.9,4.9,0.583,0.584,1.0,1.5,0.706,1.2,4.1,5.3,1.6,1.4,0.7,1.1,2.4,10.6,2281800.0
478,478,23.0,CLE,NBA,C,22.0,0.0,10.0,1.9,3.3,0.569,0.0,0.0,0.0,1.9,3.3,0.569,0.569,0.6,0.9,0.737,0.8,2.2,3.0,0.3,0.3,0.2,0.5,1.2,4.4,2281800.0
4,4,24.0,MEM,NBA,SG,38.0,0.0,18.9,3.1,6.6,0.466,1.5,3.7,0.404,1.6,2.9,0.545,0.58,1.0,1.2,0.867,0.2,2.0,2.2,1.4,0.3,0.1,0.9,1.4,8.7,2277563.0
249,249,24.0,CHI,NBA,C,36.0,14.0,15.5,2.3,5.2,0.439,0.9,3.0,0.287,1.4,2.2,0.646,0.521,0.6,0.8,0.714,0.6,1.7,2.3,0.9,0.3,0.7,0.4,1.5,6.0,2250000.0
312,312,30.0,TOT,NBA,PF,58.0,17.0,20.5,3.5,7.9,0.443,1.5,3.9,0.386,2.0,4.0,0.5,0.539,1.1,1.5,0.776,0.7,3.1,3.8,1.3,0.5,0.3,1.3,2.3,9.7,2241808.0
197,197,23.0,IND,NBA,PG,66.0,33.0,24.5,3.5,8.5,0.414,1.3,3.3,0.394,2.2,5.2,0.427,0.491,1.1,1.3,0.851,0.3,2.0,2.4,3.4,0.8,0.2,1.3,1.8,9.5,2239200.0
227,227,22.0,PHO,NBA,SG,31.0,0.0,10.6,1.2,3.6,0.336,0.5,1.6,0.28,0.8,2.0,0.381,0.398,0.4,0.5,0.75,0.2,1.3,1.5,1.4,0.5,0.1,0.6,0.9,3.3,2193480.0
82,82,26.0,TOT,NBA,C,54.0,39.0,20.3,3.2,5.6,0.579,0.0,0.0,0.0,3.2,5.6,0.581,0.579,0.7,1.2,0.606,1.6,4.3,5.8,1.3,0.9,1.1,0.7,2.2,7.2,2177483.0
378,378,27.0,HOU,NBA,SG,68.0,4.0,23.4,3.1,7.4,0.421,1.4,4.0,0.356,1.7,3.4,0.498,0.517,1.1,1.6,0.703,0.4,2.2,2.6,1.7,0.7,0.1,0.7,1.9,8.8,2174318.0
12,12,35.0,POR,NBA,PF,58.0,58.0,32.8,5.8,13.5,0.43,1.5,3.9,0.385,4.3,9.6,0.448,0.485,2.3,2.8,0.845,1.2,5.1,6.3,1.5,0.8,0.5,1.7,2.9,15.4,2159029.0
407,407,20.0,POR,NBA,SG,70.0,4.0,20.7,3.1,7.7,0.399,1.1,3.2,0.332,2.0,4.4,0.448,0.469,1.1,1.3,0.826,0.4,1.8,2.2,1.4,0.4,0.1,0.9,1.9,8.3,2149560.0
267,267,19.0,POR,NBA,PF,48.0,5.0,11.9,1.4,3.1,0.43,0.3,1.2,0.237,1.1,1.9,0.554,0.477,0.6,0.9,0.636,0.6,1.6,2.3,0.5,0.3,0.3,0.3,1.5,3.6,2105520.0
447,447,22.0,WAS,NBA,C,45.0,5.0,18.6,3.2,5.9,0.545,0.6,1.8,0.313,2.7,4.1,0.645,0.592,1.7,2.1,0.821,1.2,3.6,4.9,1.2,0.6,0.4,1.5,3.4,8.7,2063520.0
418,418,22.0,TOT,NBA,"C,PF",27.0,1.0,10.7,1.0,1.7,0.596,0.0,0.1,0.0,1.0,1.7,0.622,0.596,0.3,0.6,0.529,1.0,2.7,3.7,1.1,0.1,0.3,1.4,2.3,2.4,2033160.0
80,80,28.0,ORL,NBA,SG,45.0,0.0,18.5,2.5,5.8,0.427,0.5,1.7,0.293,2.0,4.1,0.481,0.469,1.8,2.1,0.832,1.0,2.2,3.3,2.4,1.1,0.5,1.2,1.9,7.2,2028594.0
68,68,27.0,TOT,NBA,PG,33.0,1.0,15.8,2.8,6.3,0.45,1.0,2.3,0.427,1.9,4.1,0.463,0.526,0.7,0.9,0.793,0.5,1.0,1.5,2.5,0.5,0.1,0.6,1.0,7.4,2028594.0
336,336,29.0,PHI,NBA,C,29.0,2.0,10.8,1.4,2.9,0.494,0.2,0.9,0.259,1.2,2.0,0.603,0.535,0.4,0.7,0.55,1.2,2.8,4.0,1.8,0.2,0.8,0.7,1.3,3.5,2028594.0
319,319,28.0,OKC,NBA,C,47.0,2.0,12.2,1.6,4.0,0.407,1.1,3.0,0.378,0.5,1.0,0.5,0.55,0.4,0.5,0.818,0.3,2.0,2.3,0.9,0.2,0.3,0.4,1.2,4.8,2028594.0
294,294,26.0,HOU,NBA,SF,71.0,23.0,22.8,3.4,7.7,0.444,2.5,6.4,0.4,0.9,1.3,0.656,0.61,0.7,0.9,0.746,0.3,1.9,2.2,0.8,0.6,0.2,0.7,2.2,10.1,2028594.0
106,106,28.0,TOT,NBA,SG,47.0,0.0,11.3,1.5,4.0,0.387,1.0,2.8,0.348,0.6,1.1,0.481,0.511,0.2,0.3,0.625,0.3,0.9,1.1,0.4,0.2,0.1,0.3,0.8,4.3,2028594.0
328,328,25.0,OKC,NBA,C,61.0,7.0,18.5,3.0,4.4,0.684,0.0,0.0,0.333,3.0,4.4,0.688,0.686,1.3,1.7,0.755,1.5,3.4,4.9,0.9,1.0,1.5,1.1,2.7,7.4,2028594.0
444,444,24.0,TOT,NBA,C,36.0,1.0,10.5,1.4,2.6,0.565,0.1,0.4,0.2,1.4,2.1,0.636,0.582,0.7,0.9,0.781,1.0,2.4,3.4,0.8,0.3,0.2,0.6,1.1,3.7,2000000.0
100,100,29.0,DEN,NBA,SF,58.0,27.0,18.5,2.1,4.6,0.461,0.8,2.4,0.326,1.4,2.3,0.603,0.545,0.4,0.6,0.611,1.1,2.2,3.3,0.8,0.4,0.6,0.4,2.3,5.4,2000000.0
417,417,24.0,IND,NBA,SG,31.0,3.0,14.4,2.0,4.6,0.43,0.5,1.7,0.264,1.5,2.9,0.528,0.479,0.5,0.9,0.552,0.4,1.1,1.5,1.8,0.5,0.3,0.7,1.4,4.9,2000000.0
402,402,22.0,LAC,NBA,SG,53.0,30.0,27.4,3.0,7.4,0.404,2.1,5.6,0.375,0.9,1.8,0.495,0.546,1.2,1.4,0.855,0.1,1.8,1.9,1.9,0.4,0.2,0.8,2.7,9.3,1995120.0
240,240,22.0,LAC,NBA,C,12.0,0.0,5.3,1.2,2.7,0.438,0.8,1.7,0.45,0.4,1.0,0.417,0.578,0.4,0.4,1.0,0.1,0.8,0.9,0.2,0.2,0.2,0.2,0.8,3.5,1977000.0
252,252,24.0,LAL,NBA,PF,61.0,9.0,25.0,4.8,11.0,0.436,1.4,4.5,0.316,3.4,6.5,0.518,0.5,1.9,2.5,0.735,0.9,3.6,4.5,1.3,0.5,0.4,1.5,2.1,12.8,1974600.0
363,363,20.0,GSW,NBA,SG,57.0,14.0,22.4,2.9,8.8,0.333,1.3,4.6,0.279,1.6,4.2,0.392,0.406,1.7,2.1,0.798,0.2,1.9,2.1,2.4,0.6,0.2,1.3,1.6,8.8,1964760.0
53,53,22.0,UTA,NBA,C,58.0,3.0,11.4,2.2,3.3,0.667,0.1,0.1,1.0,2.1,3.2,0.661,0.675,0.5,0.8,0.652,1.9,2.7,4.6,0.4,0.2,0.6,0.5,2.0,4.9,1962360.0
231,231,20.0,SAS,NBA,SF,17.0,1.0,17.7,3.1,5.2,0.596,0.8,1.3,0.591,2.4,3.9,0.597,0.669,2.1,2.6,0.795,0.6,2.8,3.4,0.9,0.8,0.1,0.8,1.6,9.1,1950600.0
459,459,25.0,SAS,NBA,SG,68.0,20.0,24.7,3.7,8.1,0.458,1.2,3.2,0.366,2.6,4.9,0.518,0.53,2.6,3.1,0.853,0.5,2.8,3.3,3.5,0.6,0.9,1.3,2.2,11.3,1948080.0
467,467,22.0,BOS,NBA,C,29.0,1.0,13.4,2.2,3.0,0.727,0.0,0.0,0.0,2.2,3.0,0.727,0.727,0.8,1.2,0.647,1.4,3.0,4.4,0.9,0.8,1.2,0.7,1.8,5.2,1937520.0
183,183,24.0,NOP,NBA,SF,65.0,16.0,27.0,3.5,8.2,0.423,1.9,5.4,0.342,1.6,2.7,0.584,0.537,1.3,1.8,0.739,0.9,5.6,6.5,1.7,1.0,0.4,1.2,2.5,10.1,1934160.0
131,131,22.0,TOT,NBA,SG,29.0,1.0,14.4,1.6,4.6,0.336,0.4,1.3,0.333,1.1,3.3,0.337,0.384,0.9,1.0,0.862,0.3,1.1,1.4,1.1,0.4,0.4,0.9,1.4,4.4,1925880.0
318,318,20.0,BRK,NBA,SF,40.0,0.0,12.2,1.6,4.3,0.372,0.5,2.0,0.244,1.1,2.4,0.479,0.427,1.1,1.5,0.75,0.5,1.6,2.2,1.1,0.4,0.0,0.9,0.8,4.8,1911600.0
415,415,22.0,GSW,NBA,C,49.0,3.0,18.1,2.6,6.0,0.431,0.9,2.2,0.391,1.7,3.8,0.454,0.503,1.5,1.9,0.793,1.6,2.9,4.5,1.0,0.7,0.5,1.1,1.3,7.6,1897800.0
130,130,29.0,TOT,NBA,"SF,SG",69.0,18.0,18.3,2.3,5.2,0.446,0.8,2.4,0.325,1.5,2.8,0.553,0.522,1.1,1.4,0.806,1.0,2.5,3.6,0.9,0.5,0.3,0.8,2.0,6.6,1882867.0
381,381,26.0,TOT,NBA,SF,62.0,52.0,28.8,4.6,9.5,0.486,1.2,3.2,0.391,3.4,6.4,0.534,0.552,1.2,1.4,0.86,1.3,3.0,4.4,1.5,0.9,0.3,0.9,1.6,11.7,1882867.0
143,143,29.0,DET,NBA,PG,27.0,11.0,13.1,1.3,3.5,0.362,0.4,1.1,0.333,0.9,2.4,0.375,0.415,0.7,0.9,0.792,0.3,0.9,1.2,3.4,0.5,0.1,1.3,1.6,3.6,1882867.0
72,72,24.0,TOT,NBA,C,30.0,0.0,8.1,1.3,3.0,0.427,0.2,1.1,0.182,1.1,1.9,0.571,0.461,0.3,0.3,0.889,0.8,1.2,2.0,0.4,0.5,0.6,0.4,1.0,3.0,1845301.0
323,323,28.0,TOT,NBA,PG,56.0,32.0,24.0,3.4,8.1,0.412,1.4,4.3,0.317,2.0,3.9,0.519,0.496,2.3,2.7,0.824,0.5,2.4,2.8,4.7,1.2,0.2,2.3,1.8,10.3,1845301.0
193,193,24.0,POR,NBA,PF,53.0,4.0,16.4,1.7,4.1,0.422,0.5,1.5,0.308,1.3,2.6,0.486,0.477,0.9,1.1,0.814,0.6,2.9,3.5,0.9,0.7,0.2,0.8,2.0,4.8,1737145.0
394,394,26.0,IND,NBA,PF,34.0,12.0,13.9,2.0,3.4,0.591,0.1,0.4,0.154,1.9,3.0,0.647,0.6,0.5,0.8,0.667,0.6,2.0,2.6,0.6,0.5,0.4,0.4,1.9,4.6,1737145.0
314,314,23.0,UTA,NBA,PG,54.0,2.0,15.7,2.8,6.1,0.462,0.6,1.6,0.345,2.2,4.4,0.504,0.508,1.2,1.5,0.759,0.3,2.0,2.3,2.1,0.4,0.2,1.4,1.3,7.3,1737145.0
324,324,27.0,PHI,NBA,PG,54.0,3.0,12.4,1.9,4.1,0.455,0.6,1.6,0.386,1.2,2.5,0.5,0.532,0.7,0.9,0.83,0.2,0.9,1.1,1.8,0.4,0.1,0.9,0.9,5.1,1737145.0
95,95,27.0,MIL,NBA,SG,67.0,4.0,18.6,2.0,4.5,0.455,0.8,2.5,0.331,1.2,2.0,0.607,0.547,0.5,0.6,0.775,0.9,3.3,4.2,1.6,0.4,0.5,0.8,1.0,5.4,1723050.0
338,338,24.0,NOP,NBA,C,30.0,9.0,15.6,3.4,5.4,0.623,0.0,0.1,0.333,3.3,5.3,0.629,0.627,1.3,2.1,0.645,1.6,2.6,4.2,1.2,0.2,0.7,1.3,2.2,8.1,1702486.0
251,251,21.0,BRK,NBA,PF,47.0,9.0,14.6,1.7,3.8,0.446,0.7,1.9,0.367,1.0,1.9,0.529,0.54,0.5,0.8,0.632,0.5,2.4,2.9,1.1,0.5,0.1,1.0,1.9,4.6,1699236.0
46,46,24.0,TOT,NBA,C,7.0,0.0,6.7,0.6,1.6,0.364,0.0,0.6,0.0,0.6,1.0,0.571,0.364,0.3,0.6,0.5,0.4,0.9,1.3,0.0,0.4,0.3,0.3,1.4,1.4,1698450.0
113,113,23.0,PHO,NBA,C,47.0,2.0,10.2,2.0,3.0,0.648,0.0,0.1,0.333,1.9,3.0,0.655,0.651,0.7,0.8,0.872,0.6,2.1,2.8,0.5,0.2,0.3,0.7,1.2,4.7,1678854.0
36,36,22.0,TOT,NBA,"C,PF",16.0,3.0,17.9,2.6,5.8,0.446,0.9,2.7,0.349,1.6,3.1,0.531,0.527,0.6,0.9,0.714,1.0,3.6,4.6,1.8,0.3,0.6,1.3,2.6,6.7,1678854.0
334,334,27.0,BRK,NBA,SF,20.0,0.0,13.4,1.9,3.6,0.521,0.6,1.4,0.429,1.3,2.2,0.581,0.606,0.9,1.4,0.667,0.4,1.9,2.3,0.4,0.6,0.6,0.4,1.6,5.2,1678854.0
326,326,26.0,UTA,NBA,PF,66.0,1.0,14.0,2.1,4.9,0.438,1.4,3.4,0.4,0.8,1.5,0.526,0.578,0.3,0.4,0.833,0.2,1.7,1.9,0.7,0.3,0.1,0.5,1.1,5.9,1678854.0
191,191,25.0,CHO,NBA,C,31.0,0.0,12.1,2.4,4.5,0.532,0.2,0.7,0.227,2.2,3.8,0.59,0.55,1.2,1.9,0.627,1.4,2.9,4.3,0.9,0.3,0.2,1.0,1.0,6.1,1676735.0
472,472,24.0,DET,NBA,PF,62.0,12.0,21.4,4.6,8.2,0.567,0.9,2.3,0.386,3.8,5.9,0.636,0.62,2.9,3.9,0.744,1.7,4.6,6.3,1.0,0.5,0.9,1.4,1.6,13.1,1645357.0
162,162,26.0,TOT,NBA,SF,55.0,20.0,16.9,1.6,4.4,0.36,0.6,2.2,0.275,1.0,2.2,0.443,0.428,0.7,1.0,0.643,0.9,1.8,2.7,0.8,0.4,0.1,0.5,1.9,4.4,1645357.0
236,236,22.0,MIA,NBA,SF,59.0,16.0,23.3,3.1,5.9,0.527,0.6,2.2,0.28,2.5,3.7,0.677,0.58,1.6,2.1,0.772,1.1,2.8,3.9,1.1,1.0,0.6,0.5,2.2,8.5,1645357.0
295,295,28.0,TOT,NBA,SG,37.0,4.0,21.2,4.0,9.9,0.407,1.2,3.4,0.357,2.8,6.5,0.433,0.469,2.2,2.9,0.761,0.5,2.9,3.4,2.5,0.6,0.4,1.2,2.0,11.5,1645357.0
353,353,22.0,OKC,NBA,C,5.0,0.0,4.8,0.8,2.0,0.4,0.2,0.8,0.25,0.6,1.2,0.5,0.45,0.0,0.0,0.0,0.2,0.8,1.0,0.4,0.0,0.0,0.4,0.8,1.8,1620564.0
248,248,22.0,PHI,NBA,SG,72.0,12.0,21.7,3.4,7.8,0.43,2.0,4.9,0.402,1.4,2.9,0.478,0.557,1.1,1.4,0.755,0.3,2.1,2.3,1.1,0.6,0.2,0.8,1.4,9.8,1620564.0
34,34,25.0,TOT,NBA,C,29.0,0.0,8.8,1.2,2.3,0.522,0.1,0.4,0.333,1.1,1.9,0.564,0.552,0.7,1.1,0.613,1.0,1.8,2.8,0.6,0.1,0.3,0.7,0.7,3.2,1620564.0
18,18,24.0,CHO,NBA,SG,39.0,11.0,17.6,2.2,6.3,0.348,0.5,1.7,0.284,1.7,4.5,0.373,0.387,0.9,1.4,0.66,0.4,2.2,2.6,1.3,0.6,0.1,0.9,1.3,5.7,1618520.0
120,120,25.0,NYK,NBA,SG,48.0,0.0,17.4,2.5,6.0,0.414,1.2,3.4,0.362,1.3,2.6,0.48,0.516,0.5,0.7,0.667,0.2,1.7,1.9,1.2,0.5,0.1,0.4,0.9,6.7,1618520.0
60,60,24.0,MEM,NBA,SG,73.0,73.0,28.9,6.0,14.6,0.407,2.0,5.6,0.358,3.9,9.0,0.438,0.476,2.2,2.8,0.808,0.9,2.4,3.3,2.1,0.9,0.4,1.7,3.8,16.2,1618520.0
219,219,21.0,NOP,NBA,PG,59.0,2.0,13.5,2.3,5.6,0.405,0.8,2.4,0.326,1.5,3.2,0.465,0.476,0.9,1.3,0.747,0.4,1.0,1.4,1.0,0.3,0.1,0.8,1.3,6.3,1618520.0
63,63,24.0,MIL,NBA,SF,52.0,1.0,14.8,1.8,4.9,0.371,0.8,2.6,0.324,1.0,2.3,0.425,0.457,0.6,0.8,0.8,0.6,2.9,3.5,1.0,0.6,0.1,0.8,1.0,5.1,1618520.0
218,218,25.0,ORL,NBA,SF,52.0,21.0,18.3,1.9,4.5,0.416,0.5,1.6,0.341,1.3,2.9,0.457,0.476,1.5,1.9,0.804,0.5,2.1,2.5,1.2,0.5,0.3,0.5,1.5,5.8,1618520.0
321,321,26.0,OKC,NBA,SF,55.0,6.0,15.8,2.2,4.8,0.468,0.9,2.3,0.375,1.4,2.5,0.556,0.559,0.9,1.2,0.773,0.3,1.6,1.8,0.7,0.4,0.4,0.8,1.4,6.3,1618520.0
335,335,26.0,UTA,NBA,SF,71.0,62.0,28.9,2.2,5.1,0.433,1.3,3.4,0.377,0.9,1.7,0.545,0.559,0.6,0.8,0.764,0.4,5.1,5.5,2.5,0.8,0.5,0.9,2.8,6.3,1618520.0
337,337,25.0,BOS,NBA,PF,69.0,6.0,14.7,1.2,2.8,0.408,0.7,1.8,0.378,0.5,1.0,0.464,0.531,0.4,0.5,0.875,0.4,1.7,2.1,0.5,0.3,0.1,0.3,1.2,3.4,1618520.0
302,302,26.0,TOR,NBA,SF,28.0,1.0,5.8,0.4,1.0,0.414,0.3,0.8,0.364,0.1,0.3,0.571,0.552,0.1,0.3,0.375,0.1,0.5,0.6,0.4,0.2,0.1,0.1,0.6,1.3,1588231.0
313,313,24.0,DEN,NBA,PG,73.0,12.0,22.4,3.6,7.8,0.459,0.9,2.4,0.378,2.7,5.4,0.495,0.517,1.0,1.2,0.843,0.3,1.5,1.9,3.5,0.8,0.2,0.7,1.0,9.0,1588231.0
384,384,21.0,NYK,NBA,C,61.0,7.0,23.1,4.1,5.6,0.742,0.0,0.0,0.0,4.1,5.6,0.742,0.742,1.4,2.4,0.568,3.0,4.0,7.0,0.6,0.9,2.0,0.6,3.2,9.7,1559712.0
226,226,26.0,ORL,NBA,PF,18.0,0.0,4.1,0.3,0.8,0.357,0.0,0.0,0.0,0.3,0.8,0.357,0.357,0.3,0.8,0.357,0.6,0.7,1.3,0.2,0.1,0.2,0.2,0.4,0.8,1519851.0
468,468,25.0,UTA,NBA,PG,10.0,0.0,5.0,0.5,1.6,0.313,0.2,0.7,0.286,0.3,0.9,0.333,0.375,0.2,0.2,1.0,0.2,0.4,0.6,0.6,0.3,0.1,0.3,0.6,1.4,1500000.0
385,385,21.0,OKC,NBA,PF,3.0,0.0,3.7,0.0,0.3,0.0,0.0,0.0,0.0,0.0,0.3,0.0,0.0,0.0,0.0,0.0,0.0,0.7,0.7,0.0,0.0,0.0,0.3,0.3,0.0,1500000.0
50,50,27.0,TOR,NBA,C,62.0,0.0,13.2,2.3,4.8,0.472,0.6,1.9,0.322,1.7,2.9,0.569,0.535,1.5,1.9,0.784,1.7,2.7,4.5,0.4,0.4,1.0,0.5,1.8,6.6,1488967.0
412,412,34.0,LAL,NBA,SG,6.0,0.0,13.2,1.2,3.7,0.318,0.2,1.8,0.091,1.0,1.8,0.545,0.341,0.3,0.3,1.0,0.0,0.8,0.8,0.5,0.2,0.0,0.7,0.8,2.8,1456667.0
11,11,27.0,MIL,NBA,SF,20.0,2.0,6.5,1.2,2.4,0.5,0.0,0.5,0.0,1.2,1.9,0.632,0.5,0.4,0.9,0.412,0.6,0.6,1.2,0.8,0.4,0.1,0.6,0.9,2.8,1445697.0
452,452,24.0,TOT,NBA,PG,26.0,1.0,9.5,0.7,1.5,0.462,0.4,0.9,0.417,0.3,0.6,0.533,0.59,0.3,0.3,0.778,0.1,0.5,0.6,1.0,0.3,0.0,0.2,0.8,2.0,1445697.0
305,305,23.0,PHI,NBA,SG,40.0,24.0,20.1,3.4,6.9,0.484,1.5,3.4,0.43,1.9,3.6,0.535,0.588,1.3,1.6,0.785,0.4,1.8,2.2,2.6,0.5,0.2,1.2,2.3,9.4,1445697.0
146,146,22.0,TOT,NBA,PF,30.0,1.0,7.8,0.7,1.6,0.438,0.2,0.7,0.3,0.5,0.9,0.536,0.5,0.5,0.7,0.682,0.7,1.0,1.7,0.3,0.4,0.2,0.5,1.3,2.1,1445697.0
359,359,24.0,BRK,NBA,SG,33.0,0.0,11.1,1.4,4.7,0.29,0.5,2.4,0.188,0.9,2.3,0.4,0.339,0.5,0.5,0.938,0.3,1.3,1.6,1.7,0.5,0.1,1.0,1.1,3.6,1445697.0
297,297,21.0,MEM,NBA,PG,60.0,8.0,19.5,2.7,6.7,0.401,0.7,2.3,0.286,2.0,4.4,0.464,0.451,1.6,2.0,0.769,0.7,3.0,3.7,2.9,1.3,0.3,1.4,1.8,7.6,1416852.0
298,298,22.0,SAS,NBA,C,18.0,0.0,5.8,1.3,2.3,0.571,0.0,0.1,0.0,1.3,2.2,0.6,0.571,0.6,0.7,0.769,0.7,1.2,1.8,0.6,0.2,0.3,0.6,0.4,3.2,1416852.0
424,424,23.0,DET,NBA,SG,8.0,0.0,7.6,0.6,2.1,0.294,0.6,1.8,0.357,0.0,0.4,0.0,0.441,0.3,0.5,0.5,0.1,0.0,0.1,0.4,0.4,0.0,0.4,1.1,2.1,1416852.0
61,61,23.0,DET,NBA,PG,58.0,43.0,28.2,3.4,7.7,0.443,0.6,1.7,0.344,2.8,6.1,0.47,0.48,1.5,2.1,0.739,1.1,3.7,4.7,4.0,1.1,0.5,1.7,2.8,8.9,1416852.0
65,65,23.0,DAL,NBA,PG,57.0,16.0,17.9,3.2,6.8,0.466,0.8,2.1,0.358,2.4,4.7,0.515,0.522,1.1,1.3,0.813,0.4,2.0,2.4,3.3,0.4,0.1,1.2,1.3,8.2,1416852.0
48,48,20.0,WAS,NBA,SF,66.0,49.0,18.9,1.8,3.5,0.504,0.4,1.1,0.352,1.4,2.5,0.571,0.558,1.0,1.3,0.812,1.1,2.3,3.4,1.2,0.7,0.3,0.9,2.4,5.0,1416852.0
161,161,24.0,CHO,NBA,PG,63.0,53.0,35.1,5.8,15.3,0.382,3.5,9.3,0.373,2.4,6.0,0.397,0.495,3.0,3.7,0.82,0.7,2.7,3.4,7.5,1.0,0.2,2.9,1.8,18.2,1416852.0
114,114,21.0,OKC,NBA,SF,46.0,3.0,19.5,2.9,6.4,0.446,0.3,1.2,0.281,2.5,5.2,0.485,0.473,0.8,1.4,0.603,1.0,2.7,3.6,0.8,0.8,0.2,1.1,2.2,6.9,1416852.0
339,339,22.0,PHO,NBA,PG,55.0,3.0,13.1,1.3,3.3,0.398,0.5,1.3,0.352,0.9,2.0,0.427,0.467,0.9,1.3,0.704,0.3,1.3,1.6,2.1,0.4,0.1,0.7,1.0,4.0,1416852.0
26,26,24.0,TOT,NBA,"PF,SF",44.0,0.0,16.9,2.3,5.3,0.427,0.8,2.3,0.33,1.5,3.0,0.504,0.5,1.2,1.7,0.72,0.6,2.3,2.9,0.7,0.4,0.5,0.4,1.0,6.5,1416852.0
77,77,24.0,PHO,NBA,PG,58.0,2.0,16.3,1.7,4.2,0.416,1.1,2.5,0.425,0.7,1.7,0.402,0.543,0.4,0.5,0.852,0.5,1.5,2.0,1.4,0.8,0.3,0.6,1.5,4.9,1416852.0
142,142,23.0,ORL,NBA,SG,19.0,0.0,6.6,0.8,1.8,0.441,0.4,0.8,0.5,0.4,0.9,0.389,0.559,0.1,0.2,0.5,0.1,0.4,0.5,0.2,0.5,0.1,0.3,0.6,2.1,1416852.0
184,184,21.0,HOU,NBA,C,23.0,2.0,11.6,1.9,2.9,0.657,0.0,0.2,0.0,1.9,2.7,0.71,0.657,0.8,1.2,0.679,1.3,2.7,3.9,0.8,0.4,0.5,0.7,1.8,4.7,1416852.0
332,332,24.0,MIA,NBA,PG,67.0,67.0,29.3,6.0,13.6,0.439,2.0,5.8,0.35,3.9,7.8,0.505,0.514,1.3,1.5,0.85,0.3,2.4,2.7,3.3,0.8,0.2,1.7,2.3,15.3,1416852.0
58,58,29.0,DAL,NBA,SF,17.0,1.0,10.6,1.3,3.5,0.373,1.2,3.0,0.392,0.1,0.5,0.25,0.542,0.4,0.5,0.875,0.3,2.2,2.5,0.6,0.3,0.2,0.4,0.9,4.2,1416852.0
380,380,25.0,MIA,NBA,SG,73.0,68.0,29.7,4.4,9.4,0.47,3.7,8.3,0.446,0.7,1.1,0.654,0.667,0.9,1.0,0.931,0.1,3.0,3.2,1.4,0.5,0.3,1.0,2.6,13.5,1416852.0
70,70,26.0,OKC,NBA,SF,39.0,0.0,9.1,1.1,3.2,0.344,0.3,1.4,0.189,0.8,1.8,0.458,0.384,0.2,0.4,0.571,0.2,1.3,1.5,0.4,0.2,0.3,0.5,0.9,2.7,1416852.0
464,464,25.0,NOP,NBA,PF,39.0,18.0,21.3,1.3,3.8,0.347,0.6,2.5,0.258,0.7,1.3,0.52,0.432,0.2,0.7,0.346,1.3,3.5,4.8,1.5,0.7,0.5,0.6,2.3,3.5,1416852.0
442,442,20.0,TOT,NBA,PF,11.0,0.0,4.2,0.5,0.7,0.625,0.0,0.1,0.0,0.5,0.6,0.714,0.625,0.2,0.2,1.0,0.3,0.5,0.8,0.2,0.3,0.1,0.6,0.5,1.1,1416852.0
320,320,22.0,DET,NBA,SF,56.0,27.0,22.6,3.0,7.2,0.41,2.1,5.1,0.404,0.9,2.1,0.425,0.552,1.0,1.3,0.814,0.3,1.6,1.9,1.9,0.7,0.1,1.1,1.6,9.0,1416852.0
228,228,23.0,IND,NBA,PF,17.0,1.0,6.9,0.7,1.7,0.414,0.2,0.5,0.375,0.5,1.2,0.429,0.466,0.4,0.6,0.7,0.9,1.9,2.8,0.4,0.2,0.1,0.4,0.7,2.0,1416852.0
433,433,21.0,POR,NBA,SF,61.0,8.0,21.8,3.2,7.2,0.444,1.8,4.4,0.418,1.4,2.8,0.486,0.571,0.6,0.7,0.822,0.4,1.2,1.6,1.0,0.8,0.3,0.3,1.5,8.9,1416852.0
86,86,22.0,GSW,NBA,PF,59.0,21.0,20.3,3.6,6.5,0.545,0.1,0.7,0.205,3.4,5.9,0.584,0.556,2.0,2.6,0.769,1.9,4.3,6.2,1.9,0.7,1.1,1.3,2.1,9.3,1413272.0
330,330,20.0,MIN,NBA,SG,15.0,0.0,10.1,1.3,3.5,0.358,0.2,1.7,0.115,1.1,1.8,0.593,0.387,1.1,1.1,0.941,0.2,0.7,0.9,1.3,0.2,0.1,0.2,0.7,3.8,1400000.0
136,136,21.0,ATL,NBA,C,56.0,13.0,12.7,1.8,3.6,0.518,0.1,0.7,0.135,1.8,2.9,0.605,0.53,0.5,0.9,0.569,1.2,2.3,3.5,0.9,0.3,0.3,0.8,1.9,4.3,1400000.0
453,453,30.0,BOS,NBA,PG,71.0,1.0,19.3,2.3,5.1,0.448,0.5,1.4,0.363,1.8,3.7,0.481,0.499,1.8,1.9,0.926,0.3,1.7,2.0,2.5,0.9,0.2,1.1,1.9,6.9,1355341.0
364,364,19.0,CLE,NBA,SF,50.0,3.0,23.2,3.7,8.4,0.442,1.1,3.2,0.335,2.7,5.3,0.506,0.505,1.5,2.0,0.723,0.4,2.8,3.2,2.2,0.9,0.3,1.9,2.7,10.0,1290960.0
127,127,21.0,BOS,NBA,SG,37.0,0.0,9.5,1.1,3.5,0.328,0.6,2.1,0.316,0.5,1.4,0.346,0.422,0.4,0.5,0.684,0.2,1.1,1.3,0.6,0.3,0.1,0.4,0.9,3.3,1228026.0
283,283,24.0,CHO,NBA,SF,48.0,3.0,18.8,1.9,4.3,0.43,0.4,1.6,0.234,1.5,2.7,0.546,0.473,0.9,1.4,0.646,0.8,2.5,3.3,2.0,0.8,0.2,0.9,1.6,5.0,1173310.0
357,357,27.0,WAS,NBA,SF,29.0,17.0,14.9,1.7,4.0,0.414,0.4,1.6,0.283,1.2,2.4,0.5,0.47,0.1,0.3,0.5,0.9,1.9,2.8,1.7,1.1,0.2,0.7,1.9,3.9,1090781.0
279,279,23.0,LAC,NBA,SF,41.0,6.0,8.8,0.9,1.9,0.468,0.2,0.5,0.35,0.7,1.4,0.508,0.513,0.4,0.7,0.667,0.2,1.1,1.3,1.3,0.3,0.1,0.4,1.1,2.4,1000000.0
397,397,22.0,WAS,NBA,PF,33.0,2.0,11.2,1.1,2.8,0.38,0.6,1.8,0.311,0.5,0.9,0.516,0.484,0.3,0.5,0.667,0.2,1.2,1.4,0.5,0.2,0.1,0.2,1.5,3.0,1000000.0
426,426,25.0,TOR,NBA,SG,41.0,1.0,10.7,1.8,3.7,0.487,1.1,2.4,0.475,0.6,1.2,0.51,0.643,0.2,0.3,0.75,0.2,1.3,1.5,0.5,0.2,0.0,0.4,0.9,4.9,898310.0
224,224,23.0,SAC,NBA,SF,36.0,0.0,6.4,1.0,2.3,0.417,0.3,0.8,0.31,0.7,1.5,0.473,0.47,0.3,0.6,0.476,0.2,0.7,0.9,0.5,0.2,0.3,0.2,0.5,2.5,898310.0
204,204,19.0,LAL,NBA,SG,6.0,1.0,13.5,2.3,5.0,0.467,0.7,2.2,0.308,1.7,2.8,0.588,0.533,0.3,0.7,0.5,0.3,0.8,1.2,1.0,1.3,0.2,1.0,1.7,5.7,898310.0
341,341,20.0,MIA,NBA,PF,5.0,0.0,5.2,0.6,1.0,0.6,0.0,0.2,0.0,0.6,0.8,0.75,0.6,0.2,0.4,0.5,0.2,0.8,1.0,0.2,0.4,0.2,0.2,0.4,1.4,898310.0
90,90,20.0,BRK,NBA,C,15.0,0.0,12.5,1.8,3.2,0.563,0.1,0.5,0.143,1.7,2.7,0.634,0.573,0.7,1.4,0.524,1.3,1.7,2.9,1.1,0.1,0.5,0.6,0.9,4.4,898310.0
376,376,20.0,MIN,NBA,C,30.0,11.0,16.5,3.3,8.1,0.412,1.1,3.2,0.33,2.3,4.9,0.466,0.477,1.2,1.8,0.698,1.1,3.0,4.1,1.2,0.6,0.7,0.7,2.8,9.0,898310.0
147,147,21.0,CHI,NBA,C,43.0,7.0,14.2,2.2,3.1,0.701,0.0,0.0,0.0,2.2,3.1,0.701,0.701,0.7,1.4,0.533,1.2,1.3,2.5,0.5,0.3,1.3,0.7,2.3,5.1,898310.0
259,259,19.0,PHO,NBA,SG,5.0,0.0,6.4,0.8,2.0,0.4,0.0,0.8,0.0,0.8,1.2,0.667,0.4,0.4,0.4,1.0,0.0,0.4,0.4,0.4,0.0,0.0,0.4,0.6,2.0,898310.0
289,289,22.0,CHO,NBA,SF,16.0,0.0,18.3,2.1,4.4,0.471,0.6,1.5,0.375,1.5,2.9,0.522,0.536,0.9,1.1,0.824,0.9,3.1,4.1,0.8,0.5,0.2,0.7,2.3,5.6,898310.0
54,54,21.0,NYK,NBA,SF,9.0,0.0,5.9,0.7,2.4,0.273,0.1,1.0,0.111,0.6,1.4,0.385,0.295,0.4,0.6,0.8,0.2,0.3,0.6,0.4,0.0,0.1,0.2,0.3,1.9,898310.0
189,189,23.0,TOR,NBA,C,6.0,0.0,4.7,0.8,2.3,0.357,0.2,0.3,0.5,0.7,2.0,0.333,0.393,0.5,0.8,0.6,0.8,1.5,2.3,0.5,0.2,0.0,0.5,1.0,2.3,898310.0
74,74,22.0,DEN,NBA,PF,14.0,0.0,3.2,0.4,1.1,0.4,0.1,0.4,0.167,0.4,0.6,0.556,0.433,0.3,0.3,1.0,0.4,0.4,0.7,0.2,0.1,0.1,0.2,0.5,1.2,898310.0
182,182,26.0,CHI,NBA,SG,43.0,10.0,11.3,1.8,3.8,0.467,0.4,1.0,0.381,1.4,2.9,0.496,0.515,0.9,1.2,0.78,0.5,1.5,2.0,1.1,0.8,0.4,0.4,1.3,4.9,898310.0
109,109,22.0,TOR,NBA,SG,72.0,4.0,16.8,2.8,6.1,0.456,1.3,3.4,0.388,1.5,2.7,0.541,0.564,0.7,0.8,0.864,0.7,2.6,3.3,1.6,0.5,0.2,1.1,1.7,7.5,898310.0
350,350,23.0,GSW,NBA,PF,60.0,26.0,27.6,5.3,10.7,0.497,0.6,2.2,0.287,4.7,8.5,0.55,0.526,2.7,3.5,0.774,1.4,3.2,4.6,2.1,0.5,0.2,1.6,2.1,14.0,898310.0
408,408,19.0,GSW,NBA,C,14.0,0.0,9.9,1.4,2.9,0.5,0.2,0.9,0.231,1.2,1.9,0.63,0.538,1.1,1.4,0.842,0.7,1.2,1.9,0.9,0.2,0.3,0.8,1.0,4.2,898310.0
168,168,26.0,BOS,NBA,SG,48.0,2.0,9.8,1.3,2.6,0.5,0.2,0.7,0.273,1.1,1.9,0.581,0.536,0.6,0.9,0.667,0.5,1.4,1.9,0.5,0.5,0.2,0.5,0.9,3.4,898310.0
273,273,24.0,BRK,NBA,SF,47.0,2.0,18.1,2.5,5.7,0.435,1.3,3.4,0.388,1.2,2.3,0.505,0.55,1.5,1.7,0.852,0.6,2.1,2.7,0.6,0.4,0.1,0.8,2.3,7.8,844170.0
261,261,27.0,GSW,NBA,SG,49.0,36.0,29.0,4.3,10.4,0.417,1.7,4.9,0.356,2.6,5.6,0.471,0.5,2.2,2.6,0.873,0.7,4.2,4.9,2.7,1.0,0.1,1.4,2.4,12.7,842327.0
344,344,22.0,UTA,NBA,SF,10.0,1.0,10.9,1.2,3.2,0.375,0.7,1.9,0.368,0.5,1.3,0.385,0.484,0.4,0.5,0.8,0.5,1.2,1.7,0.4,0.4,0.2,0.4,0.9,3.5,842166.0
282,282,24.0,CHO,NBA,SF,18.0,1.0,17.6,2.1,4.7,0.44,1.1,2.1,0.541,0.9,2.6,0.362,0.56,0.9,1.2,0.81,0.6,1.6,2.1,1.3,0.7,0.4,0.8,1.8,6.2,842166.0
310,310,22.0,UTA,NBA,PF,21.0,0.0,6.4,0.7,1.2,0.577,0.1,0.4,0.375,0.6,0.9,0.667,0.635,0.1,0.2,0.75,0.5,0.9,1.4,0.3,0.0,0.1,0.3,0.9,1.7,746054.0
87,87,25.0,TOT,NBA,"PF,SF",42.0,5.0,13.5,1.3,3.2,0.406,0.9,2.6,0.351,0.4,0.5,0.682,0.553,0.2,0.2,0.9,0.9,1.7,2.6,0.4,0.1,0.5,0.2,1.1,3.7,718765.0
436,436,22.0,UTA,NBA,SG,20.0,0.0,8.1,1.0,2.2,0.465,0.2,0.9,0.176,0.9,1.3,0.654,0.5,1.0,1.2,0.826,0.2,0.9,1.0,0.3,0.1,0.1,0.4,0.5,3.1,578573.0
91,91,22.0,HOU,NBA,SG,33.0,0.0,8.8,1.7,4.3,0.401,1.1,3.2,0.346,0.6,1.1,0.571,0.532,0.3,0.3,0.909,0.1,0.8,0.9,0.8,0.3,0.2,0.6,0.8,4.9,563347.0
158,158,24.0,ATL,NBA,PG,34.0,1.0,12.6,2.2,5.6,0.4,0.8,2.6,0.299,1.5,3.0,0.485,0.468,0.8,0.9,0.933,0.3,1.8,2.1,1.5,0.4,0.1,0.9,1.3,6.1,522738.0
451,451,25.0,ATL,NBA,SG,14.0,0.0,11.4,1.0,3.1,0.318,0.1,1.1,0.067,0.9,2.1,0.448,0.33,0.8,1.2,0.647,0.2,1.4,1.6,0.9,0.5,0.1,0.7,1.4,2.9,502491.0
351,351,24.0,WAS,NBA,C,27.0,0.0,16.2,2.3,4.3,0.526,0.0,0.1,0.0,2.3,4.2,0.54,0.526,1.3,2.1,0.586,1.6,2.4,4.0,0.7,0.3,0.4,0.9,2.8,5.8,482144.0
405,405,23.0,MIA,NBA,PF,44.0,0.0,7.9,1.1,1.8,0.615,0.0,0.1,0.0,1.1,1.7,0.64,0.615,0.8,1.3,0.673,1.4,1.5,2.9,0.5,0.2,0.5,0.7,1.9,3.0,466918.0
403,403,29.0,BRK,NBA,SF,13.0,0.0,18.5,1.6,4.9,0.328,0.6,2.5,0.242,1.0,2.4,0.419,0.391,0.3,0.5,0.571,0.7,1.9,2.6,0.9,0.9,0.2,0.8,1.6,4.2,419443.0
416,416,23.0,CHI,NBA,SF,2.0,0.0,3.0,1.0,1.5,0.667,0.0,0.5,0.0,1.0,1.0,1.0,0.667,0.5,0.5,1.0,0.5,0.0,0.5,0.0,0.0,0.0,0.0,0.5,2.5,415414.0
383,383,22.0,WAS,NBA,PG,9.0,0.0,5.4,0.6,1.3,0.417,0.3,0.6,0.6,0.2,0.8,0.286,0.542,0.0,0.0,0.0,0.1,0.4,0.6,0.8,0.0,0.1,0.3,0.2,1.4,395866.0
446,446,23.0,CLE,NBA,PF,12.0,0.0,5.9,0.8,1.1,0.692,0.2,0.3,0.5,0.6,0.8,0.778,0.769,0.0,0.1,0.0,0.3,1.3,1.6,0.2,0.2,0.3,0.3,0.7,1.7,375000.0
431,431,26.0,GSW,NBA,SG,13.0,6.0,20.9,2.2,4.8,0.46,0.6,1.8,0.348,1.6,3.1,0.525,0.524,0.2,0.4,0.6,0.7,3.3,4.0,2.0,1.0,0.4,1.2,2.3,5.3,350189.0
358,358,26.0,PHI,NBA,C,24.0,0.0,9.7,1.0,2.0,0.521,0.0,0.0,0.0,1.0,2.0,0.532,0.521,0.3,0.6,0.5,0.8,2.2,3.0,0.3,0.1,1.3,0.8,2.3,2.4,350189.0
51,51,22.0,GSW,NBA,PG,45.0,12.0,22.6,3.0,7.1,0.417,0.7,2.4,0.308,2.2,4.8,0.472,0.469,0.8,0.9,0.829,0.5,2.2,2.7,2.9,1.0,0.2,1.6,2.3,7.4,350189.0
7,7,26.0,BRK,NBA,SG,10.0,1.0,10.7,1.0,3.8,0.263,0.6,2.9,0.207,0.4,0.9,0.444,0.342,0.2,0.4,0.5,0.1,2.0,2.1,0.8,0.0,0.6,0.4,1.3,2.8,294432.0
101,101,39.0,BRK,NBA,SG,1.0,0.0,6.0,2.0,4.0,0.5,1.0,2.0,0.5,1.0,2.0,0.5,0.625,0.0,0.0,0.0,0.0,0.0,0.0,3.0,0.0,0.0,0.0,1.0,5.0,289803.0
55,55,33.0,SAC,NBA,PF,5.0,0.0,6.6,0.4,0.8,0.5,0.0,0.2,0.0,0.4,0.6,0.667,0.5,0.2,0.6,0.333,0.4,1.2,1.6,0.4,0.8,0.0,0.4,1.4,1.0,289803.0
285,285,33.0,HOU,NBA,PF,3.0,0.0,8.3,0.7,1.7,0.4,0.0,0.7,0.0,0.7,1.0,0.667,0.4,0.3,0.7,0.5,0.3,0.3,0.7,0.0,0.7,0.0,0.3,0.0,1.7,289803.0
425,425,31.0,BRK,NBA,PF,7.0,4.0,14.0,1.1,3.3,0.348,0.6,1.9,0.308,0.6,1.4,0.4,0.435,0.6,0.6,1.0,0.3,1.6,1.9,0.9,0.0,0.0,0.9,1.6,3.4,262152.0
243,243,27.0,UTA,NBA,SG,4.0,0.0,3.8,0.0,0.8,0.0,0.0,0.3,0.0,0.0,0.5,0.0,0.0,0.0,0.0,0.0,0.0,0.8,0.8,0.3,0.0,0.0,0.5,0.8,0.0,250000.0
477,477,30.0,SAS,NBA,C,2.0,0.0,2.0,0.5,2.0,0.25,0.0,0.0,0.0,0.5,2.0,0.25,0.25,0.0,0.0,0.0,1.5,0.5,2.0,0.0,0.0,0.0,0.0,0.0,1.0,245686.0
315,315,25.0,GSW,NBA,SF,7.0,3.0,29.1,3.7,9.6,0.388,2.3,7.4,0.308,1.4,2.1,0.667,0.507,1.3,1.7,0.75,0.4,2.9,3.3,1.1,0.3,0.1,0.7,2.9,11.0,238534.0
164,164,27.0,WAS,NBA,SG,6.0,0.0,13.3,1.7,4.5,0.37,0.3,1.3,0.25,1.3,3.2,0.421,0.407,0.8,1.2,0.714,0.3,0.7,1.0,1.5,0.2,0.2,0.5,1.8,4.5,196288.0
355,355,25.0,PHO,NBA,SG,8.0,0.0,22.9,4.1,8.5,0.485,1.9,3.6,0.517,2.3,4.9,0.462,0.596,0.8,0.9,0.857,0.5,3.4,3.9,3.0,1.0,0.3,1.4,2.5,10.9,196288.0
122,122,23.0,DEN,NBA,SG,29.0,0.0,14.2,2.2,5.4,0.414,0.6,1.7,0.347,1.7,3.7,0.444,0.468,0.7,1.0,0.724,0.3,1.6,1.9,2.2,0.5,0.2,0.9,1.6,5.8,183115.0
428,428,25.0,NOP,NBA,SF,2.0,0.0,17.5,3.0,5.5,0.545,1.0,2.0,0.5,2.0,3.5,0.571,0.636,1.0,2.0,0.5,0.0,2.0,2.0,2.0,0.5,0.5,1.0,1.0,8.0,183115.0
85,85,24.0,CHO,NBA,PG,4.0,0.0,8.3,0.0,1.8,0.0,0.0,1.0,0.0,0.0,0.8,0.0,0.0,0.5,0.5,1.0,0.0,0.0,0.0,0.3,1.0,0.0,0.5,0.5,0.5,163356.0
439,439,26.0,TOT,NBA,PF,7.0,0.0,7.6,1.0,2.6,0.389,0.4,1.3,0.333,0.6,1.3,0.444,0.472,0.3,0.3,1.0,0.3,0.6,0.9,0.0,0.1,0.0,0.0,0.3,2.7,163356.0
119,119,20.0,OKC,NBA,SF,36.0,28.0,22.8,2.4,6.1,0.394,0.8,2.8,0.297,1.6,3.3,0.479,0.463,1.2,1.5,0.792,0.7,1.6,2.3,0.8,0.9,0.1,0.6,2.7,6.8,155647.0
97,97,22.0,TOT,NBA,"PF,SF",13.0,0.0,4.2,0.6,0.9,0.667,0.0,0.0,0.0,0.6,0.9,0.667,0.667,0.5,0.6,0.875,0.5,0.6,1.1,0.1,0.2,0.0,0.2,0.4,1.8,151504.0
275,275,24.0,CLE,NBA,SG,1.0,0.0,1.0,0.0,0.0,0.0,0.0,0.0,0.0,0.0,0.0,0.0,0.0,0.0,0.0,0.0,0.0,0.0,0.0,0.0,0.0,0.0,0.0,0.0,0.0,106184.0
463,463,24.0,WAS,NBA,PF,15.0,6.0,12.0,1.3,2.3,0.559,0.0,0.1,0.0,1.3,2.1,0.594,0.559,0.5,0.9,0.538,1.6,2.7,4.3,0.5,0.1,0.5,0.3,1.1,3.0,106181.0
173,173,22.0,TOT,NBA,"C,PF",9.0,0.0,14.8,1.7,2.4,0.682,0.0,0.0,0.0,1.7,2.4,0.682,0.682,1.0,2.0,0.5,1.6,2.7,4.2,0.4,0.3,0.7,0.6,2.6,4.3,101504.0
372,372,26.0,GSW,NBA,PG,3.0,0.0,13.3,0.0,1.3,0.0,0.0,0.7,0.0,0.0,0.7,0.0,0.0,1.7,2.0,0.833,0.0,0.7,0.7,1.7,0.7,0.0,0.0,1.0,1.7,91557.0
347,347,33.0,GSW,NBA,PG,3.0,0.0,14.7,3.7,7.3,0.5,1.0,2.3,0.429,2.7,5.0,0.533,0.568,0.0,0.3,0.0,0.3,0.7,1.0,2.7,0.3,0.0,1.3,2.7,8.3,91557.0
276,276,30.0,ORL,NBA,PG,8.0,0.0,4.8,0.6,1.9,0.333,0.1,0.5,0.25,0.5,1.4,0.364,0.367,0.1,0.3,0.5,0.1,0.6,0.8,0.6,0.4,0.1,0.6,0.5,1.5,81678.0
174,174,26.0,MEM,NBA,SG,2.0,0.0,6.5,2.0,4.5,0.444,1.0,1.5,0.667,1.0,3.0,0.333,0.556,1.0,1.0,1.0,0.0,0.5,0.5,0.0,0.0,0.0,0.0,0.5,6.0,81678.0
325,325,22.0,CLE,NBA,SG,1.0,0.0,4.0,0.0,2.0,0.0,0.0,1.0,0.0,0.0,1.0,0.0,0.0,2.0,2.0,1.0,0.0,0.0,0.0,0.0,0.0,0.0,1.0,0.0,2.0,65978.0
300,300,25.0,SAC,NBA,C,1.0,0.0,19.0,2.0,3.0,0.667,0.0,0.0,0.0,2.0,3.0,0.667,0.667,2.0,2.0,1.0,2.0,5.0,7.0,0.0,0.0,0.0,0.0,5.0,6.0,50752.0
456,456,25.0,TOT,NBA,SF,10.0,0.0,8.7,1.0,2.6,0.385,0.4,1.2,0.333,0.6,1.4,0.429,0.462,0.7,0.9,0.778,0.2,1.5,1.7,0.8,0.4,0.1,0.3,0.5,3.1,50752.0
47,47,21.0,CLE,NBA,C,1.0,0.0,3.0,0.0,0.0,0.0,0.0,0.0,0.0,0.0,0.0,0.0,0.0,0.0,0.0,0.0,0.0,2.0,2.0,0.0,1.0,0.0,0.0,1.0,0.0,50752.0
329,329,22.0,TOT,NBA,SG,5.0,0.0,8.2,0.6,2.4,0.25,0.6,1.6,0.375,0.0,0.8,0.0,0.375,0.2,0.2,1.0,0.0,1.2,1.2,0.6,0.4,0.0,0.6,0.8,2.0,50752.0
207,207,26.0,HOU,NBA,PF,2.0,0.0,6.5,0.0,2.0,0.0,0.0,2.0,0.0,0.0,0.0,0.0,0.0,0.0,0.0,0.0,0.0,1.0,1.0,0.5,0.0,0.0,0.5,0.5,0.0,50000.0
